lemma,query_term,nmvw_URI,prefLabel,altLabel,notes,exactMatch,scheme,found_in
birma,birma,https://hdl.handle.net/20.500.11840/termmaster10063469,Myanmar,"['Birma', 'MMR ', 'Burma']",['staat ;  ;'],https://www.geonames.org/1327865,Geografie,altLabel
jap,jappen,https://hdl.handle.net/20.500.11840/termmaster10061445,Yapen (eiland),"['Japen-eiland', 'Jappen-eiland', 'Pulau Yapen', 'Yapen (island)']","['eiland ; groot eiland in de Geelvink-baai. Gebied van diverse culturen', 'Times Atlas 1992 ; WMR (2005-08) ; v02: locatie gewijzigd ; v15: qualifier toegevoegd\n\n']",https://www.geonames.org/1642777,Geografie,altLabel
westers,westerse,https://hdl.handle.net/20.500.11840/termmaster10068182,munten van de vroeg-westerse wereld,"['Early Western World coins', 'vroeg-westerse wereldmunten']","['AAT-Ned (aangepaste DESC) ; MUS (2006-12) ; NVT ; ex-gidsterm ; v09: AAT-ID toegevoegd;', 'Munten uit de vroeg-westerse wereld vanaf de 6e eeuw v.C. tot de economische herstructurering in de 7e en de 8e eeuw n.C., ondernomen door Franken en Arabieren. Griekenland, Rome en het Nabije Oosten onder de Sassaniden maakten er deel van uit.']",http://vocab.getty.edu/aat/300194572,Objecttrefwoord ,prefLabel
westers,westerse,https://hdl.handle.net/20.500.11840/termmaster10068182,munten van de vroeg-westerse wereld,"['Early Western World coins', 'vroeg-westerse wereldmunten']","['AAT-Ned (aangepaste DESC) ; MUS (2006-12) ; NVT ; ex-gidsterm ; v09: AAT-ID toegevoegd;', 'Munten uit de vroeg-westerse wereld vanaf de 6e eeuw v.C. tot de economische herstructurering in de 7e en de 8e eeuw n.C., ondernomen door Franken en Arabieren. Griekenland, Rome en het Nabije Oosten onder de Sassaniden maakten er deel van uit.']",http://vocab.getty.edu/aat/300194572,Objecttrefwoord ,altLabel
westers,westerse,https://hdl.handle.net/20.500.11840/termmaster10068183,munten van de vroeg-westerse wereld naar naam van de muntsoort,"['vroeg-westerse wereldmunten naar coupure', 'Early Western World coins by denomination name']",['AAT-Ned (aangepaste DESC) ; MUS (2006-12) ; NVT ; ex-gidsterm ; v09: AAT-ID toegevoegd;'],http://vocab.getty.edu/aat/300204073,Objecttrefwoord ,prefLabel
westers,westerse,https://hdl.handle.net/20.500.11840/termmaster10068183,munten van de vroeg-westerse wereld naar naam van de muntsoort,"['vroeg-westerse wereldmunten naar coupure', 'Early Western World coins by denomination name']",['AAT-Ned (aangepaste DESC) ; MUS (2006-12) ; NVT ; ex-gidsterm ; v09: AAT-ID toegevoegd;'],http://vocab.getty.edu/aat/300204073,Objecttrefwoord ,altLabel
westers,westerse,https://hdl.handle.net/20.500.11840/termmaster10068160,munten van de laat-westerse wereld naar naam van de muntsoort,"['laat-westerse wereldmunten naar naamsomschrijving', 'Later Western World coins by descriptive name']",['AAT-Ned (aangepaste DESC) ; (2000-12) ; ex-gidsterm ; v09: AAT-ID toegevoegd;'],http://vocab.getty.edu/aat/300204274,Objecttrefwoord ,prefLabel
westers,westerse,https://hdl.handle.net/20.500.11840/termmaster10068160,munten van de laat-westerse wereld naar naam van de muntsoort,"['laat-westerse wereldmunten naar naamsomschrijving', 'Later Western World coins by descriptive name']",['AAT-Ned (aangepaste DESC) ; (2000-12) ; ex-gidsterm ; v09: AAT-ID toegevoegd;'],http://vocab.getty.edu/aat/300204274,Objecttrefwoord ,altLabel
westers,westerse,https://hdl.handle.net/20.500.11840/termmaster10068159,munten van de laat-westerse wereld,"['laat-westerse wereldmunten', 'Later Western World coins']","['Omvat munten uit de vroege Middeleeuwen tot en met de moderne periode in de westerse wereld, van de 7e of 8e tot en met de 20e eeuw.\n', 'AAT-Ned (aangepaste DESC) ; (2000-12) ; ex-gidsterm ; v09: AAT-ID toegevoegd;']",http://vocab.getty.edu/aat/300194573,Objecttrefwoord ,prefLabel
westers,westerse,https://hdl.handle.net/20.500.11840/termmaster10068159,munten van de laat-westerse wereld,"['laat-westerse wereldmunten', 'Later Western World coins']","['Omvat munten uit de vroege Middeleeuwen tot en met de moderne periode in de westerse wereld, van de 7e of 8e tot en met de 20e eeuw.\n', 'AAT-Ned (aangepaste DESC) ; (2000-12) ; ex-gidsterm ; v09: AAT-ID toegevoegd;']",http://vocab.getty.edu/aat/300194573,Objecttrefwoord ,altLabel
westers,westerse,https://hdl.handle.net/20.500.11840/termmaster10068201,munten van de vroeg-westerse wereld naar naamsomschrijving,"['vroeg-westerse wereldmunten naar naamsomschrijving', 'Early Western World coins by descriptive name']",['AAT-Ned (aangepaste DESC) ; MUS (2006-12) ; NVT ; ex-gidsterm ; v09: AAT-ID toegevoegd;'],http://vocab.getty.edu/aat/300204070,Objecttrefwoord ,prefLabel
westers,westerse,https://hdl.handle.net/20.500.11840/termmaster10068201,munten van de vroeg-westerse wereld naar naamsomschrijving,"['vroeg-westerse wereldmunten naar naamsomschrijving', 'Early Western World coins by descriptive name']",['AAT-Ned (aangepaste DESC) ; MUS (2006-12) ; NVT ; ex-gidsterm ; v09: AAT-ID toegevoegd;'],http://vocab.getty.edu/aat/300204070,Objecttrefwoord ,altLabel
inuk,inuit,https://hdl.handle.net/20.500.11840/termmaster10075950,Kapaimiut Inuit,"['Inuit of Quebec', 'Inuit of Québec']",['RMV (2007-02)'],None,Cultuur,prefLabel
inuk,inuit,https://hdl.handle.net/20.500.11840/termmaster10075950,Kapaimiut Inuit,"['Inuit of Quebec', 'Inuit of Québec']",['RMV (2007-02)'],None,Cultuur,altLabel
inuk,inuit,https://hdl.handle.net/20.500.11840/termmaster10075944,Canadese Inuit,['Canadian Inuit'],[rdflib.term.Literal('')],None,Cultuur,prefLabel
inuk,inuit,https://hdl.handle.net/20.500.11840/termmaster10075944,Canadese Inuit,['Canadian Inuit'],[rdflib.term.Literal('')],None,Cultuur,altLabel
inuk,inuit,https://hdl.handle.net/20.500.11840/termmaster10075925,Archeologische oostelijke Inuit culturen,"['Precolumbiaanse Oostelijke Eskimo culturen', 'Pre-Columbian Eastern Inuit cultures', 'Pre-Columbian Eastern Eskimo styles']","[""AAT-Ned ; v16: AAT-ID, BE & AT’s toegevoegd ; v19: DESC gewijzigd, term 'Eskimo' vervangen door 'Inuit'."", ' ; AAT ;']",http://vocab.getty.edu/aat/300016731,Cultuur,prefLabel
inuk,inuit,https://hdl.handle.net/20.500.11840/termmaster10075925,Archeologische oostelijke Inuit culturen,"['Precolumbiaanse Oostelijke Eskimo culturen', 'Pre-Columbian Eastern Inuit cultures', 'Pre-Columbian Eastern Eskimo styles']","[""AAT-Ned ; v16: AAT-ID, BE & AT’s toegevoegd ; v19: DESC gewijzigd, term 'Eskimo' vervangen door 'Inuit'."", ' ; AAT ;']",http://vocab.getty.edu/aat/300016731,Cultuur,altLabel
inuk,inuit,https://hdl.handle.net/20.500.11840/termmaster10075949,Inuinnait,"['Copper Inuit', 'Kilinirmiut']","[""AAT-Ned & HNAI 5 1984; p. 413 & Cunera Buijs ; RMV (2006-10) ; v16: AAT-ID toegevoegd : v19: DESC gewijzigd, was 'Copper Inuit'"", 'volk ; de alternatieve term wordt alleen door de volken ten oosten van de Copper Inuit gebruikt\n']",http://vocab.getty.edu/aat/300102528,Cultuur,altLabel
inuk,inuit,https://hdl.handle.net/20.500.11840/termmaster10075924,Archeologische Inuit culturen,"['Pre-Columbian Inuit cultures', 'Pre-Columbian Eskimo cultures', 'Precolumbiaanse Eskimo culturen']","[""AAT-Ned ; v16: AAT-ID, BE & AT’s toegevoegd ; v19: DESC gewijzigd, term 'Eskimo' vervangen door 'Inuit'."", ' ; AAT ;']",http://vocab.getty.edu/aat/300017447,Cultuur,prefLabel
inuk,inuit,https://hdl.handle.net/20.500.11840/termmaster10075924,Archeologische Inuit culturen,"['Pre-Columbian Inuit cultures', 'Pre-Columbian Eskimo cultures', 'Precolumbiaanse Eskimo culturen']","[""AAT-Ned ; v16: AAT-ID, BE & AT’s toegevoegd ; v19: DESC gewijzigd, term 'Eskimo' vervangen door 'Inuit'."", ' ; AAT ;']",http://vocab.getty.edu/aat/300017447,Cultuur,altLabel
inuk,inuit,https://hdl.handle.net/20.500.11840/termmaster10075928,Archeologische westelijke Inuit culturen,"['Pre-Columbian Western Inuit cultures', 'Precolumbiaanse Westelijke Eskimo culturen', 'Pre-Columbian Western Eskimo styles']","[""AAT-Ned ; v16: AAT-ID, BE & AT’s toegevoegd ; v19: DESC gewijzigd, term 'Eskimo' vervangen door 'Inuit'."", ' ; AAT ;']",http://vocab.getty.edu/aat/300016736,Cultuur,prefLabel
inuk,inuit,https://hdl.handle.net/20.500.11840/termmaster10075928,Archeologische westelijke Inuit culturen,"['Pre-Columbian Western Inuit cultures', 'Precolumbiaanse Westelijke Eskimo culturen', 'Pre-Columbian Western Eskimo styles']","[""AAT-Ned ; v16: AAT-ID, BE & AT’s toegevoegd ; v19: DESC gewijzigd, term 'Eskimo' vervangen door 'Inuit'."", ' ; AAT ;']",http://vocab.getty.edu/aat/300016736,Cultuur,altLabel
inuk,inuit,https://hdl.handle.net/20.500.11840/termmaster10075943,Inuit,['Eskimo'],"[""AAT-Ned ; AAT-Ned: BT='Inheemse stijlen: Canadees poolgebied' ; v16: AAT-ID toegevoegd."", 'volk ;']",http://vocab.getty.edu/aat/300017455,Cultuur,prefLabel
inuk,inuit,https://hdl.handle.net/20.500.11840/termmaster10075946,Kivallirmiut,['Caribou Inuit'],"[""AAT-Ned & Cunera Buijs ; v16: AAT-ID en AT's  toegevoegd ; v19: DESC gewijzigd, was 'Caribou Inuit'"", 'volk ;']",http://vocab.getty.edu/aat/300134115,Cultuur,altLabel
inuk,inuit,https://hdl.handle.net/20.500.11840/termmaster10075948,Labradormiut,['Labrador Inuit'],"[""AAT-Ned & Cunera Buijs ; v16: AAT-ID en AT's  toegevoegd ; v19: DESC gewijzigd, was 'Labrador Inuit."", 'volk ;']",http://vocab.getty.edu/aat/300102550,Cultuur,altLabel
inuk,inuit,https://hdl.handle.net/20.500.11840/termmaster10075945,Baffin Island Inuit,['Nunatsiaqmiut'],"[""AAT-Ned ; v16: AAT-ID en AT's  toegevoegd."", 'volk ; AAT ;']",http://vocab.getty.edu/aat/300134111,Cultuur,prefLabel
inuk,inuit,https://hdl.handle.net/20.500.11840/termmaster10075951,Nattilingmiut,"['Netselik', 'Netsilingmiut', 'Netsilik Inuit ', 'Netsilik']","[""HNAI 5, AAT-Ned & ethnologue.com ; WMR (2010-06) ; AAT-Ned: DESC='Netsilik' ; v01: tech.val. ; v07: def.val.  ; v16: AAT-ID en AT's  toegevoegd."", 'Inuit volk in West-Kitikmeot\n']",http://vocab.getty.edu/aat/300017458,Cultuur,altLabel
afkomst,afkomst,https://hdl.handle.net/20.500.11840/termmaster10069836,registratie naar afkomst,['records by provenance'],['AAT-Ned ; (2000-12) ; ex-gidsterm ; v09: AAT-ID toegevoegd;'],http://vocab.getty.edu/aat/300027765,Objecttrefwoord ,prefLabel
afkomst,afkomst,https://hdl.handle.net/20.500.11840/termmaster10067613,tapijten naar geografische afkomst of stijl,['rugs by geographic origin or style'],['AAT-Ned ; (2000-12) ; ex-gidsterm ; v09: AAT-ID toegevoegd;'],http://vocab.getty.edu/aat/300233503,Objecttrefwoord ,prefLabel
blank,blanke,https://hdl.handle.net/20.500.11840/termmaster10065506,vernis,"['blanke lak', 'varnish']","['Een oplossing van hars in een vluchtig oplosmiddel of een drogende olie die, wanneer deze in een dun laagje wordt aangebracht, verhardt door verdamping van het vluchtige oplosmiddel, of door oxidatie van de olie of beide; wordt aangebracht als een bescher', 'AAT-Ned ; v07: geïmporteerd ; v09: AAT-ID toegevoegd;']",http://vocab.getty.edu/aat/300014974,Materiaal en techniek,altLabel
blank,blanke,https://hdl.handle.net/20.500.11840/termmaster10068044,blanke wapens,"['stootwapens', 'edged weapons', 'snijwapens', 'steekwapens']","['AAT-Ned: Wapen met een scherpe rand of punt om mee te snijden, steken, slaan, hakken of verschillende combinaties \ndaarvan.', 'AAT-Ned ; (2000-12) ; v09: AAT-ID toegevoegd;']",http://vocab.getty.edu/aat/300036973,Objecttrefwoord ,prefLabel
blank,blanke,https://hdl.handle.net/20.500.11840/termmaster10068063,zwaarden naar functie,"['swords by function', 'blanke gevestwapens naar functie']",['AAT-Ned (aangepaste DESC) ; (2000-12) ; ex-gidsterm ; v09: AAT-ID toegevoegd;'],http://vocab.getty.edu/aat/300037100,Objecttrefwoord ,altLabel
blank,blanke,https://hdl.handle.net/20.500.11840/termmaster10068062,zwaarden,"['blanke gevestwapens', 'swords']","['Use for edged weapons consisting basically of a blade, generally longer than that of daggers or knives, and a grip; designed for delivering cutting or thrusting blows or both. ; \n', ""AAT-Ned (aangepaste DESC) ; (2000-12) ; AAT-Ned: DESC='blanke gevestwapens' en AAT-Getty: 'swords'; SVCN vertaald swords als 'zwaarden' en geruikt Engelstalige definitie  ; v09: AAT-ID toegevoegd;""]",http://vocab.getty.edu/aat/300037048,Objecttrefwoord ,altLabel
blank,blanke,https://hdl.handle.net/20.500.11840/termmaster10068098,onderdelen van blanke wapens,"['edged weapon components', 'snijwapenonderdelen']","[""AAT-Ned (aangepaste locatie) ; (2000-12) ; v09: AAT-ID toegevoegd ; v11: locatie string gewijzigd, BT was 'wapenonderdelen' n.a.v. besluit RO voor de ontmanteling van substring 'onderd. n. specif. context'.""]",http://vocab.getty.edu/aat/300037110,Objecttrefwoord ,prefLabel
blank,blanks,https://hdl.handle.net/20.500.11840/termmaster10068971,halffabricaten,"['blanks (object genre)', 'halffabrikaten']","['AAT-Ned (aangepaste DESC) ; TM (2011-05) ; AAT-Ned: DESC=spelfout ; v03: form.val. ; v09: def.val., AAT-ID toegevoegd;', 'Halfproducten waarvan na verdere behandeling een ander product wordt vervaardigd.\n']",http://vocab.getty.edu/aat/300194594,Objecttrefwoord ,altLabel
bombay,bombay,https://hdl.handle.net/20.500.11840/termmaster10063976,Mumbai Harbour,"['Baai van Mumbai', 'Bombay Harbour']","[""TGN & en.wikipedia.org ; WMR (2010-06)  ; v01: tech.val. ; v07: def.val. locatie gewijzigd, BT was 'Maharashtra'\n"", 'baai / haven ; grote natuurlijke haven met zes eilanden en de havens \nvan o.m. Mumbai en Navi Mumbai\n']",https://www.geonames.org/1275339,Geografie,altLabel
bombay,bombay,https://hdl.handle.net/20.500.11840/termmaster10063974,Mumbai,['Bombay'],"['plaats ; Times Atlas 1992 ;', 'Times Atlas 2003 ; DESC gewijzigd, was Bombay']",https://www.geonames.org/1275339,Geografie,altLabel
batavia,batavia,https://hdl.handle.net/20.500.11840/termmaster10063182,Jakarta,"['Jayakarta', 'Djakarta', 'Batavia', 'Sunda Kelapa']","['plaats ; hoofdstad van de Republiek Indonesië. ', 'nl.wikipedia.org & bakosurtanal ; SVCN ; Geen administratieve eenheid, maar wel een geografisch begrip ; v10: term okay\n']",https://www.geonames.org/1642911,Geografie,altLabel
batavia,batavia,https://hdl.handle.net/20.500.11840/termmaster10058102,Batavia (Suriname),['Batavia (Surinam)'],"['ATN 1938 & NGA-GNS ; TM (2010) ; v01: tech.val. ; v07: def.val. qualifier gewijzigd\n', 'plaats; ATN\n']",https://www.geonames.org/3384629,Geografie,prefLabel
batavia,batavia,https://hdl.handle.net/20.500.11840/termmaster10058102,Batavia (Suriname),['Batavia (Surinam)'],"['ATN 1938 & NGA-GNS ; TM (2010) ; v01: tech.val. ; v07: def.val. qualifier gewijzigd\n', 'plaats; ATN\n']",https://www.geonames.org/3384629,Geografie,altLabel
batavia,batavia,https://hdl.handle.net/20.500.11840/termmaster10077688,Jakarta,['Batavia'],"[""Court Arts of Indonesia ; v19: DESC gewijzigd n.a.v. Pim westerkamp en Francine Bringreve, was 'Batavia'"", 'Bij alle vormen van kunstnijverheid gebruiken voor stijlen die duidelijk verbonden zijn met de periode vóór de Indonesische onafhankelijkheid. O.a. batik (karet)']",None,Cultuur,altLabel
boslandcreool,boslandcreolen,https://hdl.handle.net/20.500.11840/termmaster10076611,Marrons,"['Maroon (people)', 'Boslandcreolen', 'Bosnegers']","['Binnendijk & Faber 1992 en en.wikipedia.org ; v07: locatie gewijzigd, BT was Surinaams ; v16: BE toegevoegd \n', 'bevolkingsgroep ; de term bosnegers is kleinerend/minachtend\n']",None,Cultuur,altLabel
zigeuner,zigeuners,https://hdl.handle.net/20.500.11840/termmaster10075876,Roma,"['Romani (people)', 'zigeuners', 'Rom (culture)']","['De Roma (meervoud van Rom) bestaan uit verschillende groepen. De Roma beschouwen de term ‘zigeuner’ als denigrerend en noemen zichzelf ‘Roma’. Sommige groepen zoals de Sinti hebben hebben hun eigen voorkeursbenaming.', 'nl.wikipedia.org & britannica.com ; aangemaakt t.b.v. WMR (2010-06) ; v01: tech.val. ; v11: def.val.; qualifier verwijderd\n']",http://vocab.getty.edu/aat/300404070,Cultuur,altLabel
bosneger,bosnegers,https://hdl.handle.net/20.500.11840/termmaster10076611,Marrons,"['Maroon (people)', 'Boslandcreolen', 'Bosnegers']","['Binnendijk & Faber 1992 en en.wikipedia.org ; v07: locatie gewijzigd, BT was Surinaams ; v16: BE toegevoegd \n', 'bevolkingsgroep ; de term bosnegers is kleinerend/minachtend\n']",None,Cultuur,altLabel
zwart,zwart,https://hdl.handle.net/20.500.11840/termmaster10065571,zwart pigment,['black pigment'],['AAT-Ned ; TM (2013-11) ; v14: tech.val. ; v16: def.val. \n'],http://vocab.getty.edu/aat/300013135,Materiaal en techniek,prefLabel
zwart,zwart,https://hdl.handle.net/20.500.11840/termmaster10067268,zwart-wit dia's,['black-and-white slides'],['AAT-Ned ; (2000-12) ; v09: AAT-ID toegevoegd;'],http://vocab.getty.edu/aat/300128374,Objecttrefwoord ,prefLabel
zwart,zwart,https://hdl.handle.net/20.500.11840/termmaster10067276,zwart-wit foto's,['black-and-white photographs'],['AAT-Ned ; (2000-12) ; v09: AAT-ID toegevoegd;'],http://vocab.getty.edu/aat/300128347,Objecttrefwoord ,prefLabel
zwart,zwart,https://hdl.handle.net/20.500.11840/termmaster10067288,zwart-wit negatieven,['black-and-white negatives'],"['Negatieven waarbij de afbeeldingen bestaan uit grijstinten, zwart en wit of open plekken; kunnen één kleurschakering bevatten als resultaat van ontwikkelen, toneren of verkleuren.\n', 'AAT-Ned ; MUS (2010-06) ; v01: tech.val. ; v09: def.val., AAT-ID toegevoegd;']",http://vocab.getty.edu/aat/300128343,Objecttrefwoord ,prefLabel
zwart,zwarten,https://hdl.handle.net/20.500.11840/termmaster10065116,oxideren,"['roesten van ijzer', 'oxidation', 'zwarten van zilver', 'gezwart (zilver)', 'geroest']","['AAT-Ned (aangepaste DESC) ; TM (2012-10) ; AAT-Ned: spelfout ; v09: def.val.; AAT-ID toegevoegd;', 'Wordt gebruikt om aan te geven dat iets met zuurstof in aanraking is geweest, maar ook om aan te geven waartoe dat contact heeft geleid. Oxidatie draagt bij aan de aantasting van een oppervlak, zoals bij corrosie.\n']",http://vocab.getty.edu/aat/300220235,Materiaal en techniek,altLabel
zwart,zwarte,https://hdl.handle.net/20.500.11840/termmaster10064795,zwarte kunst,"['mezzo-tint', 'mezzotint (process)']","['AAT-Ned & nl.wikipedia.org; v07: geïmporteerd ; v09: AAT-ID toegevoegd;', 'Diepdrukprocédé waarbij het oppervlak van de plaat methodisch wordt opgeruwd met een wieg om een donkere achtergrond te creëren; daarna worden delen met verschillende soorten schrapers lichter gemaakt. Levert een afbeelding op met gelijkmatige tonaliteit.']",http://vocab.getty.edu/aat/300053233,Materiaal en techniek,prefLabel
zwart,zwarte,https://hdl.handle.net/20.500.11840/termmaster10057154,Zwarte Woud,['Schwarzwald'],"['bosgebied', 'MUS (2006) ; NVT']",None,Geografie,prefLabel
zwart,zwarte,https://hdl.handle.net/20.500.11840/termmaster10064259,Zwarte Zee-regio,"['Karadeniz Bölgesi ', 'Black Sea Region']","['regio; officiële regio t.b.v. statistiek en volkstelling\n', 'nl. & en.wikipedia.org ; aangemaakt t.b.v herstructureirng string ; v07: def.val.\n']",https://www.geonames.org/10922499,Geografie,prefLabel
zwart,zwarte,https://hdl.handle.net/20.500.11840/termmaster10065519,zwarte koolstofinkt,"['black carbon ink', 'carbon ink']",['AAT-Ned ; v07: geïmporteerd ; v09: AAT-ID toegevoegd;'],http://vocab.getty.edu/aat/300081180,Materiaal en techniek,prefLabel
zwart,zwarte,https://hdl.handle.net/20.500.11840/termmaster10077764,De zwarte Miao,[],"['MUS (2006-12)', 'populaire naam van bepaalde groepering binnen de Miao\n']",None,Cultuur,prefLabel
zwart,zwarte,https://hdl.handle.net/20.500.11840/termmaster10058054,Zwarte Zee,"['Karadiniz', 'Karandeniz', 'Black Sea', 'Kara Deniz']","['MUS (2006) ; NVT', 'zee en regio ; Times Atlas 1992 ; Kara Deniz betekent Zwarte Zee; hiermee wordt de regio langs de Zwarte Zee bedoeld\n']",None,Geografie,prefLabel
gay,gay,https://hdl.handle.net/20.500.11840/termmaster10076360,Wampanoag Tribe of Gay Head,[],"['volk: East Massachusetts ; federaal erkend', 'en.wikipedia.org/wiki/Wampanoag_Tribe_of_Gay_Head, https://wampanoagtribe-nsn.gov/ ; NMvW (2020-01)']",None,Cultuur,prefLabel
indisch,indisch,https://hdl.handle.net/20.500.11840/termmaster10065657,Indisch palissanderhout,"['Indian rosewood', 'Indisch rozenhout', 'Dalbergia latifera (hout)', 'Ceylon rosewood']","['AAT-Ned & nl.wikipedia.org ; TM (2013-11) ; v14: tech.val. ; v16: def.val.\n', 'De bekendste andere palissander is het hout van Dalbergia latifolia (het Indisch palissander of Javapalissander).\n']",http://vocab.getty.edu/aat/300012432,Materiaal en techniek,prefLabel
indisch,indisch,https://hdl.handle.net/20.500.11840/termmaster10065657,Indisch palissanderhout,"['Indian rosewood', 'Indisch rozenhout', 'Dalbergia latifera (hout)', 'Ceylon rosewood']","['AAT-Ned & nl.wikipedia.org ; TM (2013-11) ; v14: tech.val. ; v16: def.val.\n', 'De bekendste andere palissander is het hout van Dalbergia latifolia (het Indisch palissander of Javapalissander).\n']",http://vocab.getty.edu/aat/300012432,Materiaal en techniek,altLabel
indisch,indische,https://hdl.handle.net/20.500.11840/termmaster10077429,Indische cultuur,['Culture of the Indies'],"['Mengcultuur van Europeanen in Nederlands-Indië. Gebruik voor typerend Europese objecten met Indonesische versiering (bv. Yogya-zilver) of typerend Indonesische objecten met Europese versiering (bv. Batik Belanda), kunst van Europeanen in ZO-Azië, kiekjes.', 'TM (2008-08) ; v05: aanvulling SN ; v16: BE toegevoegd (bron: Pim)\n']",None,Cultuur,prefLabel
indisch,indische,https://hdl.handle.net/20.500.11840/termmaster10064710,Indische Oceaan,['Indian Ocean'],"['TGN ; MUS (2010-06) ; v01: tech.val.', 'oceaan\n']",https://www.geonames.org/1545739,Geografie,prefLabel
indisch,indische,https://hdl.handle.net/20.500.11840/termmaster10066005,kapok,"['java silk', 'Indische kapokboom (vezel)', 'Bombax ceiba (vezel)', 'java cotton', 'ceika']","['AAT-Ned ; v07: geïmporteerd ; BE=DESC ; v09: AAT-ID toegevoegd;', 'De vruchten van de boom zijn langwerpige doosvruchten die vijfkleppig opensplijten. Daarbij komt een witte, katoenachtige massa (kapok) tevoorschijn waarin tot 8 mm grote zaden ingebed liggen.']",http://vocab.getty.edu/aat/300014057,Materiaal en techniek,altLabel
berber,berber,https://hdl.handle.net/20.500.11840/termmaster10078580,Siwa,['Siwa (berber style)'],"['Murdock 15:20 & AAT-Ned ; WMR (2010) ; v01: tech.val. ; v07: def.val. ; v16: AAT-ID toegevoegd', 'volk ; Berbers in de Siwa-oase, Egypte \n']",http://vocab.getty.edu/aat/300263731,Cultuur,altLabel
berber,berber,https://hdl.handle.net/20.500.11840/termmaster10078582,Aït Bella,['Bella (berber)'],"['volk ; vrij nomadisch volk in het zuiden van Marokko en de Westelijke Sahara. \nLinguïstisch verwant met de Shluh\n', 'Murdock 15:22, Hall 1996 ; ']",None,Cultuur,altLabel
berber,berber,https://hdl.handle.net/20.500.11840/termmaster10078557,Berber,"['Amazigh', 'Berber (culture or style)', 'Berbers']","['bevolkingsgroep ; Leven voornamelijk in Marokko en Algerije.', 'Murdock 15 (Berbers) & AAT-Ned ; v16: AAT-ID & BE toegevoegd']",http://vocab.getty.edu/aat/300016593,Cultuur,prefLabel
berber,berber,https://hdl.handle.net/20.500.11840/termmaster10078557,Berber,"['Amazigh', 'Berber (culture or style)', 'Berbers']","['bevolkingsgroep ; Leven voornamelijk in Marokko en Algerije.', 'Murdock 15 (Berbers) & AAT-Ned ; v16: AAT-ID & BE toegevoegd']",http://vocab.getty.edu/aat/300016593,Cultuur,altLabel
berber,berbers,https://hdl.handle.net/20.500.11840/termmaster10078557,Berber,"['Amazigh', 'Berber (culture or style)', 'Berbers']","['bevolkingsgroep ; Leven voornamelijk in Marokko en Algerije.', 'Murdock 15 (Berbers) & AAT-Ned ; v16: AAT-ID & BE toegevoegd']",http://vocab.getty.edu/aat/300016593,Cultuur,altLabel
pygmee,pygmee,https://hdl.handle.net/20.500.11840/termmaster10078766,Pygmy,"['Twa', 'Batwa', 'Twides', 'Pygmeeën', 'Cwa', 'Watwa', 'Pygmee', 'Negrillos']","[""AAT-Ned ; in AAT: BT='Afrikaanse culturele en regionale stijlen'; DESC=Pygmee; Twa & Batwa =NT van Pygmy ; v16: AAT-ID & AT toegevoegd, locatie wijzigen naar BT 'Afrika naar regio'of onder een aan te maken term 'Afrikaans: verspreide groepen' waar ook Bantu ondervalt?\nCwa & Watwa: https://sw.wikipedia.org/wiki/Watwa ; (NMvW (2022-09)"", 'AAT-Ned: Afrikaanse volkeren in Kameroen, Equatoriaal-Guinea, de Dem. Rep. Congo, Congo, de Centraal-Afrikaanse Rep., Rwanda en Burundi. De term Pygmee heeft soms een negatieve bijklank; gebruik bij voorkeur de specifieke naam van een subgroep.']",http://vocab.getty.edu/aat/300016430,Cultuur,altLabel
pygmee,pygmeeën,https://hdl.handle.net/20.500.11840/termmaster10078766,Pygmy,"['Twa', 'Batwa', 'Twides', 'Pygmeeën', 'Cwa', 'Watwa', 'Pygmee', 'Negrillos']","[""AAT-Ned ; in AAT: BT='Afrikaanse culturele en regionale stijlen'; DESC=Pygmee; Twa & Batwa =NT van Pygmy ; v16: AAT-ID & AT toegevoegd, locatie wijzigen naar BT 'Afrika naar regio'of onder een aan te maken term 'Afrikaans: verspreide groepen' waar ook Bantu ondervalt?\nCwa & Watwa: https://sw.wikipedia.org/wiki/Watwa ; (NMvW (2022-09)"", 'AAT-Ned: Afrikaanse volkeren in Kameroen, Equatoriaal-Guinea, de Dem. Rep. Congo, Congo, de Centraal-Afrikaanse Rep., Rwanda en Burundi. De term Pygmee heeft soms een negatieve bijklank; gebruik bij voorkeur de specifieke naam van een subgroep.']",http://vocab.getty.edu/aat/300016430,Cultuur,altLabel
gekleurd,gekleurd,https://hdl.handle.net/20.500.11840/termmaster10064736,kleuren (procedé),"['coloring', 'gekleurd']","['Het veranderen van de kleur van een voorwerp of het geven van kleur door het aanbrengen van kleurstof, zoals verf.', 'AAT-Ned ; v07: geïmporteerd ; v09: AAT-ID toegevoegd; DESC gewijzigd, spelfout']",http://vocab.getty.edu/aat/300053043,Materiaal en techniek,altLabel
gekleurd,gekleurde,https://hdl.handle.net/20.500.11840/termmaster10065531,gekleurde inkt,['colored ink'],['AAT-Ned ; v07: geïmporteerd ; v09: AAT-ID toegevoegd;'],http://vocab.getty.edu/aat/300126356,Materiaal en techniek,prefLabel
ras,ras,https://hdl.handle.net/20.500.11840/termmaster10064485,Ras Tannurah,[],"['TM (2008-08)', 'plaats ; Times Atlas 2003']",https://www.geonames.org/102891,Geografie,prefLabel
ras,ras,https://hdl.handle.net/20.500.11840/termmaster10054563,Cape Bon,['Ras Addar'],"['NGA-GNS ; MUS (2006-11) ; v07: locatie gewijzigd, BT was Tunesië\n', 'kaap ; ']",https://www.geonames.org/2464554,Geografie,altLabel
ras,rast,https://hdl.handle.net/20.500.11840/termmaster10064389,Rasht,"['Rast', 'Resht']","['NGA-GNS ; v07: def.val. locatie gewijzigd, BT was Iran', 'plaats ; Times Atlas 1992 ;']",https://www.geonames.org/118743,Geografie,altLabel
aboriginal,aboriginal,https://hdl.handle.net/20.500.11840/termmaster10076668,Aboriginal Australiërs,"['Aborigines', 'Aboriginal', 'Australisch Aboriginal', 'Aboriginals', 'Australian Aboriginal']","['Algemene aanduiding voor de oorspronkelijke bewoners van Australië', ""Price & AAT-Ned; Words that Metter  ; in AAT: DESC='Australisch Aboriginal' ; v16: AAT-ID & BE toegevoegd ; v19: DESC gewijzigd, was 'Aboriginal'""]",http://vocab.getty.edu/aat/300021862,Cultuur,prefLabel
aboriginal,aboriginal,https://hdl.handle.net/20.500.11840/termmaster10076668,Aboriginal Australiërs,"['Aborigines', 'Aboriginal', 'Australisch Aboriginal', 'Aboriginals', 'Australian Aboriginal']","['Algemene aanduiding voor de oorspronkelijke bewoners van Australië', ""Price & AAT-Ned; Words that Metter  ; in AAT: DESC='Australisch Aboriginal' ; v16: AAT-ID & BE toegevoegd ; v19: DESC gewijzigd, was 'Aboriginal'""]",http://vocab.getty.edu/aat/300021862,Cultuur,altLabel
aboriginal,aboriginals,https://hdl.handle.net/20.500.11840/termmaster10076668,Aboriginal Australiërs,"['Aborigines', 'Aboriginal', 'Australisch Aboriginal', 'Aboriginals', 'Australian Aboriginal']","['Algemene aanduiding voor de oorspronkelijke bewoners van Australië', ""Price & AAT-Ned; Words that Metter  ; in AAT: DESC='Australisch Aboriginal' ; v16: AAT-ID & BE toegevoegd ; v19: DESC gewijzigd, was 'Aboriginal'""]",http://vocab.getty.edu/aat/300021862,Cultuur,altLabel
slaaf,slaaf,https://hdl.handle.net/20.500.11840/termmaster20400,Leven en werken als tot slaaf gemaakte persoon ,"['live and work as an enslaved person', '120303']","['TM (2009-01) ; aangepast 2019-02', 'alles wat verband houdt met het bestaan als tot slaaf gemaakte: leven en werken als op plantages, wetgeving & onderdrukking,\nverzet & vlucht, demografie/gezin/gender, taal/cultuur/muziek & religie. (Eventueel in combinatie met andere OVM-categorie)\n']",None,Functionele categorie,prefLabel
slaaf,slaven,https://hdl.handle.net/20.500.11840/termmaster20404,afschaffing van slavernij & emancipatie van (voormalige) slaven,"['120301', 'abolishment of slavery, emancipation of slaves']","['TM (2009-01)', 'alles wat verband houdt met afschaffing van de slavernij, emancipatiebewegingen, racisme en herdenkingen.\n']",None,Functionele categorie,prefLabel
eskimo,eskimo,https://hdl.handle.net/20.500.11840/termmaster10075925,Archeologische oostelijke Inuit culturen,"['Precolumbiaanse Oostelijke Eskimo culturen', 'Pre-Columbian Eastern Inuit cultures', 'Pre-Columbian Eastern Eskimo styles']","[""AAT-Ned ; v16: AAT-ID, BE & AT’s toegevoegd ; v19: DESC gewijzigd, term 'Eskimo' vervangen door 'Inuit'."", ' ; AAT ;']",http://vocab.getty.edu/aat/300016731,Cultuur,altLabel
eskimo,eskimo,https://hdl.handle.net/20.500.11840/termmaster10075924,Archeologische Inuit culturen,"['Pre-Columbian Inuit cultures', 'Pre-Columbian Eskimo cultures', 'Precolumbiaanse Eskimo culturen']","[""AAT-Ned ; v16: AAT-ID, BE & AT’s toegevoegd ; v19: DESC gewijzigd, term 'Eskimo' vervangen door 'Inuit'."", ' ; AAT ;']",http://vocab.getty.edu/aat/300017447,Cultuur,altLabel
eskimo,eskimo,https://hdl.handle.net/20.500.11840/termmaster10075928,Archeologische westelijke Inuit culturen,"['Pre-Columbian Western Inuit cultures', 'Precolumbiaanse Westelijke Eskimo culturen', 'Pre-Columbian Western Eskimo styles']","[""AAT-Ned ; v16: AAT-ID, BE & AT’s toegevoegd ; v19: DESC gewijzigd, term 'Eskimo' vervangen door 'Inuit'."", ' ; AAT ;']",http://vocab.getty.edu/aat/300016736,Cultuur,altLabel
eskimo,eskimo,https://hdl.handle.net/20.500.11840/termmaster10059955,Eskimo Point,[],['plaats ; Times Atlas 1992 ;'],https://www.geonames.org/5949467,Geografie,prefLabel
eskimo,eskimo,https://hdl.handle.net/20.500.11840/termmaster10075943,Inuit,['Eskimo'],"[""AAT-Ned ; AAT-Ned: BT='Inheemse stijlen: Canadees poolgebied' ; v16: AAT-ID toegevoegd."", 'volk ;']",http://vocab.getty.edu/aat/300017455,Cultuur,altLabel
page,page,https://hdl.handle.net/20.500.11840/termmaster10059745,Page,[],['plaats ; Times Atlas 1992 ;'],https://www.geonames.org/5307778,Geografie,prefLabel
page,page,https://hdl.handle.net/20.500.11840/termmaster20787,orale traditie,"['oral tradition', '1106', 'http://vocab.getty.edu/page/aat/300262982']","['AAT-Getty ; TM (2009-03) ; v19: SN gewijzigd en bron toegevoegd, AT vertelkunst verwijderd, is DESC geworden.', 'AAT: Overdracht van feiten en culturele kennis, regels, overtuigingen en verhalen die meer in mondelinge dan schriftelijke vorm plaatsvindt.  SVCN: ook oral history.']",None,Functionele categorie,altLabel
page,pages,https://hdl.handle.net/20.500.11840/termmaster10069716,titelpagina's,"['titelbladen', 'title pages']","[""AAT-Ned: Bladzijde van een boek met titel en meestal ook informatie als auteursnaam, uitgever en soms publicatiedatum. AAT-Ned voorleggen: SVCN prefereert 'titelbladen' als voorkeursterm."", 'AAT-Ned ; (2000-12) ; v09: AAT-ID toegevoegd;']",http://vocab.getty.edu/aat/300055033,Objecttrefwoord ,altLabel
page,pages,https://hdl.handle.net/20.500.11840/termmaster10069715,bladzijden,"['pages', 'boekbladen', ""pagina's""]","['AAT-Ned ; (2000-12) ; v09: AAT-ID toegevoegd;', 'AAT-Ned: Afzonderlijk blad dat is ontstaan door vouwen van een vel papier of perkament.']",http://vocab.getty.edu/aat/300194222,Objecttrefwoord ,altLabel
hottentot,hottentot,https://hdl.handle.net/20.500.11840/termmaster10078204,KhoiKhoi,"['Hottentot', 'Hottentotten']","[""AAT-Ned ; v17: AAT-ID toegevoegd, AT's toegevoegd"", 'volk ; Namibië, Zuidafrika ; AAT: Verwijst naar het volk en de cultuur in zuidelijk Afrika die de eerste Europese ontdekkingsreizigers aantroffen in gebieden in het achterland.']",http://vocab.getty.edu/aat/300016575,Cultuur,altLabel
hottentot,hottentotten,https://hdl.handle.net/20.500.11840/termmaster10078204,KhoiKhoi,"['Hottentot', 'Hottentotten']","[""AAT-Ned ; v17: AAT-ID toegevoegd, AT's toegevoegd"", 'volk ; Namibië, Zuidafrika ; AAT: Verwijst naar het volk en de cultuur in zuidelijk Afrika die de eerste Europese ontdekkingsreizigers aantroffen in gebieden in het achterland.']",http://vocab.getty.edu/aat/300016575,Cultuur,altLabel
calcutta,calcutta,https://hdl.handle.net/20.500.11840/termmaster10063844,Kolkata,['Calcutta'],"['v07: DESC gewijzigd, was Calcutta', 'plaats ; Times Atlas 1992 ;']",https://www.geonames.org/1275004,Geografie,altLabel
indo,indo,https://hdl.handle.net/20.500.11840/termmaster10077366,Klassieke Sumatraanse Periode,"['Indo-Sumatran', 'Classical Sumatran period', 'Indo-Sumatraans']","[""Hinzler e.a. 1992 ; snvt-structuur ; v16: BE toegevoegd ; v19: DESC gewijzigd, was 'Indo-Sumatraans'"", ' ; Boeddha en Shiva op Java ;']",None,Cultuur,altLabel
indo,indo,https://hdl.handle.net/20.500.11840/termmaster10063610,Indo-China,"['Indo China', 'Fransch Indo-China', 'Indochina']","[""fr.wikipedia.org ; v07: SN aangevuld, voormalige NTs Cambodija en Laos verplaatst naar BT 'Zuidoost-Azië- vasteland'."", 'regio ; historisch gezien verwijst de term Indo-China naar de Franse voormalige kolonie van Cambodja, Laos en Vietnam. Cultuur-geogr. gezien, verwijst de term naar het grote schiereiland tussen India en China. SVCN gebruikt hem in nauwere betekenis.']",https://www.geonames.org/11612758,Geografie,prefLabel
indo,indo,https://hdl.handle.net/20.500.11840/termmaster10063610,Indo-China,"['Indo China', 'Fransch Indo-China', 'Indochina']","[""fr.wikipedia.org ; v07: SN aangevuld, voormalige NTs Cambodija en Laos verplaatst naar BT 'Zuidoost-Azië- vasteland'."", 'regio ; historisch gezien verwijst de term Indo-China naar de Franse voormalige kolonie van Cambodja, Laos en Vietnam. Cultuur-geogr. gezien, verwijst de term naar het grote schiereiland tussen India en China. SVCN gebruikt hem in nauwere betekenis.']",https://www.geonames.org/11612758,Geografie,altLabel
indo,indo,https://hdl.handle.net/20.500.11840/termmaster10077360,Klassieke Javaanse Periode,"['Indo-Javaans ', 'Classical Javanese period', 'Hindoe-Javaans']","[""Hinzler e.a. 1992 ; snvt-structuur ; v16: BE toegevoegd ; v19: DESC gewijzigd, was 'Indo-Javaans'"", ' ; Boeddha en Shiva op Java ;']",None,Cultuur,altLabel
indo,indo,https://hdl.handle.net/20.500.11840/termmaster10077359,Klassieke Balinese Periode,"['Indo-Balinees', 'Indo-Balinese', 'Classical Balinese period']","[""Hinzler e.a. 1992 ; snvt-structuur ; v16: BE toegevoegd ; v19: DESC gewijzigd, was 'Indo-Balinees'"", ' ; Boeddha en Shiva op Java ;']",None,Cultuur,altLabel
indo,indo,https://hdl.handle.net/20.500.11840/termmaster10076606,Hindostaans,"['Hindoestani', 'Indo-Surinaams', 'Sarnami', 'Indo-Surinamese']","['Hindostanen of Hindoestanen zijn een bevolkingsgroep in Suriname (en Nederland) van Indiase afkomst. De Hindoestanen kwamen vanaf 1873 vanuit het toenmalige Brits-Indië naar Suriname. Het woord Hindoestanen betekent, lit., ""iemand uit Hindoestan"", d.w.z. uit ""het land van de Indiërs"". Vandaar dat Indiërs die toen naar Suriname migreerden, als Hindoestanen werden aangeduid, mensen van Indische afkomst. De taal van de Hindostanen wordt vaak als ‘Sarnami Hindustani’ aangeduid. \nOmdat de term Hindoestanen vooral wordt/werd geassocieerd met aanhangers van het Hindoeïsme, wordt soms ook de term  Hindostanen gebruikt, om te erkennen dat er ook de Moslim en Christelijke aanhangers onder de Indische immigranten in Suriname. Tegenwoordig worden de term Hindoestanen en Hindostanen door elkaar gebruikt in de Nederlandse taal. \nEen klein overzicht van hindo(e)staanse verenigingen in Surinamen en Nederland laat zien dat Surinaamse verenigingen eerder de term ‘hindostaans’ in hun naam dragen terwijl in Nederland ‘Hindoestaans’ overweegt.\n', ""Sranan, en.wikipedia.org 'Indo-Surinamese', nl.wikipedia.org 'Hindoestanen', ethnologue & https://www.hindorama.com/waarom-hindostaan-en-niet-hindoestaan-hindorama-com/; v16: BE toegevoegd (volgens wikipedia Indo-Surinamese) ; v22: DESC gewijzigd naar 'Hindostaans', was 'Hindoestaans'. SN aangevuld.""]",None,Cultuur,altLabel
madras,madras,https://hdl.handle.net/20.500.11840/termmaster10063793,Chennai,['Madras'],"['v01: DESC en AT geruild ;', 'district en hoofdplaats ; Times Atlas 1992 ;']",https://www.geonames.org/1264527,Geografie,altLabel
moor,moor,https://hdl.handle.net/20.500.11840/termmaster10061433,Moor (eilanden),"['Moor (islands)', 'Kepulauan Moor']","['eilandengroep ; bestaat uit twee eilanden', 'NGA-GNS, NOI & Wurm/Hattori 1981 ; aangemaakt t.b.v. RMV ; v02: form.val. ; v09: def.val.']",https://www.geonames.org/1635013,Geografie,prefLabel
moor,moor,https://hdl.handle.net/20.500.11840/termmaster10061433,Moor (eilanden),"['Moor (islands)', 'Kepulauan Moor']","['eilandengroep ; bestaat uit twee eilanden', 'NGA-GNS, NOI & Wurm/Hattori 1981 ; aangemaakt t.b.v. RMV ; v02: form.val. ; v09: def.val.']",https://www.geonames.org/1635013,Geografie,altLabel
moor,moren,https://hdl.handle.net/20.500.11840/termmaster10078542,Arabisch-sprekende volken van Noord-Afrika,"['Moren', 'Arabic speaking peoples of North Africa']","['snvt-structuur ; v16: BE toegevoegd.', ' ; snvt-structuur ;']",None,Cultuur,altLabel
marron,marrons,https://hdl.handle.net/20.500.11840/termmaster10076612,Centrale Marrons,['Central Maroon (people)'],"['Surinam Rain Forest ; v16: BE toegevoegd', ' ; Surinam Rain Forest ;']",None,Cultuur,prefLabel
marron,marrons,https://hdl.handle.net/20.500.11840/termmaster10076616,Oostelijke Marrons,['Eastern Maroon (people)'],"['Surinam Rain Forest ; v16: BE toegevoegd', ' ; Surinam Rain Forest ;']",None,Cultuur,prefLabel
marron,marrons,https://hdl.handle.net/20.500.11840/termmaster10076611,Marrons,"['Maroon (people)', 'Boslandcreolen', 'Bosnegers']","['Binnendijk & Faber 1992 en en.wikipedia.org ; v07: locatie gewijzigd, BT was Surinaams ; v16: BE toegevoegd \n', 'bevolkingsgroep ; de term bosnegers is kleinerend/minachtend\n']",None,Cultuur,prefLabel
wit,wit,https://hdl.handle.net/20.500.11840/termmaster10057931,Wit-Rusland,"['Belarus', 'BLR ']","['TGN ; MUS (2010-06) ; NVT ; v01: tech.val.', 'staat\n']",None,Geografie,prefLabel
wit,wit,https://hdl.handle.net/20.500.11840/termmaster10067268,zwart-wit dia's,['black-and-white slides'],['AAT-Ned ; (2000-12) ; v09: AAT-ID toegevoegd;'],http://vocab.getty.edu/aat/300128374,Objecttrefwoord ,prefLabel
wit,wit,https://hdl.handle.net/20.500.11840/termmaster10067276,zwart-wit foto's,['black-and-white photographs'],['AAT-Ned ; (2000-12) ; v09: AAT-ID toegevoegd;'],http://vocab.getty.edu/aat/300128347,Objecttrefwoord ,prefLabel
wit,wit,https://hdl.handle.net/20.500.11840/termmaster10067288,zwart-wit negatieven,['black-and-white negatives'],"['Negatieven waarbij de afbeeldingen bestaan uit grijstinten, zwart en wit of open plekken; kunnen één kleurschakering bevatten als resultaat van ontwikkelen, toneren of verkleuren.\n', 'AAT-Ned ; MUS (2010-06) ; v01: tech.val. ; v09: def.val., AAT-ID toegevoegd;']",http://vocab.getty.edu/aat/300128343,Objecttrefwoord ,prefLabel
wit,witte,https://hdl.handle.net/20.500.11840/termmaster10077771,Hmong Daw,"['White Meo', 'Witte Meo', 'White Hmong']","['ethnologue.com ; WMR (2010-06) ; v01: tech.val. ; v07: def.val.', ""volk ; ethnologue: 'Area where west Hunan and north Guangxi provinces meet, southeast Guizhou (Yuping Autonomous County); Guangxi Zhuang Autonomous Region. 20 contiguous counties.' (lm)""]",None,Cultuur,altLabel
inheems,inheems,https://hdl.handle.net/20.500.11840/termmaster10076213,Northwest Coast,"['Northwest Coast Native American styles', 'inheems Amerikaanse Noord-West-kust-stijlen']","[""AAT-Ned ; v16: AAT-ID en AT's  toegevoegd. ; v17: def.val. ; v19: SN bijgewerkt"", 'WtM: In de laatste paar decennia is de term ‘inheems’ een juridische categorie geworden die verwijst naar bevolkingsgroepen, die de oorspronkelijke bewoners zijn van de gekoloniseerde gebieden zijn en daar lange tradities hebben ontwikkeld. De term ‘inheems’ is een geëmancipeerde term, deels dankzij de Verklaring over de Rechten van Inheemse Volkeren door de VN in 2007. \nSuggestie: Het is beter om termen te hanteren die mensen zelf gebruiken en die zij respectvol vinden.']",http://vocab.getty.edu/aat/300017594,Cultuur,altLabel
inheems,inheems,https://hdl.handle.net/20.500.11840/termmaster10076061,Inheems Yucatán,"['Inheemse Yucatán stijlen', 'Native Yucatan', 'Native Yucatan styles']","['AAT-Ned ; v16: AAT-ID en BE toegevoegd ; v17: def.val. ; v19: SN bijgewerkt', 'WtM: In de laatste paar decennia is de term ‘inheems’ een juridische categorie geworden die verwijst naar bevolkingsgroepen, die de oorspronkelijke bewoners zijn van de gekoloniseerde gebieden zijn en daar lange tradities hebben ontwikkeld. De term ‘inheems’ is een geëmancipeerde term, deels dankzij de Verklaring over de Rechten van Inheemse Volkeren door de VN in 2007. \nSuggestie: Het is beter om termen te hanteren die mensen zelf gebruiken en die zij respectvol vinden.']",http://vocab.getty.edu/aat/300017820,Cultuur,prefLabel
inheems,inheems,https://hdl.handle.net/20.500.11840/termmaster10076108,Inheems Amazonia,"['Native Amazonian styles', 'Native Amazonian', 'inheemse Amazone-stijlen']","[""AAT-Ned ; v16: AAT-ID en AT's  toegevoegd. ; v17: def.val. ; v19: SN bijgewerkt"", 'WtM: In de laatste paar decennia is de term ‘inheems’ een juridische categorie geworden die verwijst naar bevolkingsgroepen, die de oorspronkelijke bewoners zijn van de gekoloniseerde gebieden zijn en daar lange tradities hebben ontwikkeld. De term ‘inheems’ is een geëmancipeerde term, deels dankzij de Verklaring over de Rechten van Inheemse Volkeren door de VN in 2007. \nSuggestie: Het is beter om termen te hanteren die mensen zelf gebruiken en die zij respectvol vinden.']",http://vocab.getty.edu/aat/300017881,Cultuur,prefLabel
inheems,inheems,https://hdl.handle.net/20.500.11840/termmaster10076005,Inheems Noordwest-Mexicaans,"['Inheemse Noord-West Mexico-stijlen', 'Native Northwestern Mexican styles', 'Native Northwestern Mexican']","['AAT-Ned ; v16: AAT-ID en BE toegevoegd ; v17: def.val. ; v19: SN bijgewerkt', 'WtM: In de laatste paar decennia is de term ‘inheems’ een juridische categorie geworden die verwijst naar bevolkingsgroepen, die de oorspronkelijke bewoners zijn van de gekoloniseerde gebieden zijn en daar lange tradities hebben ontwikkeld. De term ‘inheems’ is een geëmancipeerde term, deels dankzij de Verklaring over de Rechten van Inheemse Volkeren door de VN in 2007. \nSuggestie: Het is beter om termen te hanteren die mensen zelf gebruiken en die zij respectvol vinden.']",http://vocab.getty.edu/aat/300017772,Cultuur,prefLabel
inheems,inheems,https://hdl.handle.net/20.500.11840/termmaster10075995,Inheems Centraal-Mexicaans,"['inheemse Centraal-Mexicaanse stijlen', 'Native Central Mexican', 'Native Central Mexican styles']","['AAT-Ned ; v16: AAT-ID en BE toegevoegd ; v17: def.val. ; v19: SN bijgewerkt', 'WtM: In de laatste paar decennia is de term ‘inheems’ een juridische categorie geworden die verwijst naar bevolkingsgroepen, die de oorspronkelijke bewoners zijn van de gekoloniseerde gebieden zijn en daar lange tradities hebben ontwikkeld. De term ‘inheems’ is een geëmancipeerde term, deels dankzij de Verklaring over de Rechten van Inheemse Volkeren door de VN in 2007. \nSuggestie: Het is beter om termen te hanteren die mensen zelf gebruiken en die zij respectvol vinden.']",http://vocab.getty.edu/aat/300017784,Cultuur,prefLabel
inheems,inheems,https://hdl.handle.net/20.500.11840/termmaster10076015,Inheems West-Mexicaans,"['Native Western Mexican styles', 'inheemse West-Mexicaanse stijlen', 'Native Western Mexican']","['AAT-Ned ; v16: AAT-ID en BE toegevoegd ; v17: def.val. ; v19: SN bijgewerkt', 'WtM: In de laatste paar decennia is de term ‘inheems’ een juridische categorie geworden die verwijst naar bevolkingsgroepen, die de oorspronkelijke bewoners zijn van de gekoloniseerde gebieden zijn en daar lange tradities hebben ontwikkeld. De term ‘inheems’ is een geëmancipeerde term, deels dankzij de Verklaring over de Rechten van Inheemse Volkeren door de VN in 2007. \nSuggestie: Het is beter om termen te hanteren die mensen zelf gebruiken en die zij respectvol vinden.']",http://vocab.getty.edu/aat/300017782,Cultuur,prefLabel
inheems,inheems,https://hdl.handle.net/20.500.11840/termmaster10076017,Inheems Zuid-Mexicaans,"['Native Southern Mexican styles', 'inheemse Zuid-Mexicaanse stijlen', 'Native Southern Mexican']","['AAT-Ned ; v16: AAT-ID en BE toegevoegd ; v17: def.val. ; v19: SN bijgewerkt', 'WtM: In de laatste paar decennia is de term ‘inheems’ een juridische categorie geworden die verwijst naar bevolkingsgroepen, die de oorspronkelijke bewoners zijn van de gekoloniseerde gebieden zijn en daar lange tradities hebben ontwikkeld. De term ‘inheems’ is een geëmancipeerde term, deels dankzij de Verklaring over de Rechten van Inheemse Volkeren door de VN in 2007. \nSuggestie: Het is beter om termen te hanteren die mensen zelf gebruiken en die zij respectvol vinden.']",http://vocab.getty.edu/aat/300017798,Cultuur,prefLabel
inheems,inheems,https://hdl.handle.net/20.500.11840/termmaster10076261,Southeast,"['Southeastern Native American styles', 'Zuidoostelijke Inheems Amerikaanse stijlen']","['AAT-Ned ; v16: AAT-ID toegevoegd. ; v17: def.val. ; v19: SN bijgewerkt', 'WtM: In de laatste paar decennia is de term ‘inheems’ een juridische categorie geworden die verwijst naar bevolkingsgroepen, die de oorspronkelijke bewoners zijn van de gekoloniseerde gebieden zijn en daar lange tradities hebben ontwikkeld. De term ‘inheems’ is een geëmancipeerde term, deels dankzij de Verklaring over de Rechten van Inheemse Volkeren door de VN in 2007. \nSuggestie: Het is beter om termen te hanteren die mensen zelf gebruiken en die zij respectvol vinden.']",http://vocab.getty.edu/aat/300017703,Cultuur,altLabel
inheems,inheems,https://hdl.handle.net/20.500.11840/termmaster10076203,Inheems Noord-Amerikaans,"['Inheemse Noord-Amerikaanse stijlen', 'Native North American styles', 'Native North American']","[""AAT-Ned ; v16: AAT-ID en AT's  toegevoegd. ; v17: def.val. ; v19: SN bijgewerkt"", 'WtM: In de laatste paar decennia is de term ‘inheems’ een juridische categorie geworden die verwijst naar bevolkingsgroepen, die de oorspronkelijke bewoners zijn van de gekoloniseerde gebieden zijn en daar lange tradities hebben ontwikkeld. De term ‘inheems’ is een geëmancipeerde term, deels dankzij de Verklaring over de Rechten van Inheemse Volkeren door de VN in 2007. \nSuggestie: Het is beter om termen te hanteren die mensen zelf gebruiken en die zij respectvol vinden.']",http://vocab.getty.edu/aat/300017442,Cultuur,prefLabel
inheems,inheems,https://hdl.handle.net/20.500.11840/termmaster10076316,Inheems Californisch,"['Native Californian', 'Inheems Amerikaanse Californische stijlen', 'Californian Native American styles']","[""AAT-Ned ; v16: AAT-ID en BE toegevoegd, DESC gewijzigd, was 'California' ; v17: def.val. ; v19: SN bijgewerkt"", 'WtM: In de laatste paar decennia is de term ‘inheems’ een juridische categorie geworden die verwijst naar bevolkingsgroepen, die de oorspronkelijke bewoners zijn van de gekoloniseerde gebieden zijn en daar lange tradities hebben ontwikkeld. De term ‘inheems’ is een geëmancipeerde term, deels dankzij de Verklaring over de Rechten van Inheemse Volkeren door de VN in 2007. \nSuggestie: Het is beter om termen te hanteren die mensen zelf gebruiken en die zij respectvol vinden.']",http://vocab.getty.edu/aat/300017498,Cultuur,prefLabel
inheems,inheems,https://hdl.handle.net/20.500.11840/termmaster10076316,Inheems Californisch,"['Native Californian', 'Inheems Amerikaanse Californische stijlen', 'Californian Native American styles']","[""AAT-Ned ; v16: AAT-ID en BE toegevoegd, DESC gewijzigd, was 'California' ; v17: def.val. ; v19: SN bijgewerkt"", 'WtM: In de laatste paar decennia is de term ‘inheems’ een juridische categorie geworden die verwijst naar bevolkingsgroepen, die de oorspronkelijke bewoners zijn van de gekoloniseerde gebieden zijn en daar lange tradities hebben ontwikkeld. De term ‘inheems’ is een geëmancipeerde term, deels dankzij de Verklaring over de Rechten van Inheemse Volkeren door de VN in 2007. \nSuggestie: Het is beter om termen te hanteren die mensen zelf gebruiken en die zij respectvol vinden.']",http://vocab.getty.edu/aat/300017498,Cultuur,altLabel
inheems,inheems,https://hdl.handle.net/20.500.11840/termmaster10076063,Inheems Zuid-Amerikaans,"['Native South American', 'inheemse Zuid-Amerikaanse stijlen', 'Native South American styles']","['WtM: In de laatste paar decennia is de term ‘inheems’ een juridische categorie geworden die verwijst naar bevolkingsgroepen, die de oorspronkelijke bewoners zijn van de gekoloniseerde gebieden zijn en daar lange tradities hebben ontwikkeld. De term ‘inheems’ is een geëmancipeerde term, deels dankzij de Verklaring over de Rechten van Inheemse Volkeren door de VN in 2007. \nSuggestie: Het is beter om termen te hanteren die mensen zelf gebruiken en die zij respectvol vinden.', 'AAT-Ned ; v16: AAT-ID, SN en BE toegevoegd. ; v17: def.val. ; v19: SN bijgewerkt']",http://vocab.getty.edu/aat/300017879,Cultuur,prefLabel
inheems,inheems,https://hdl.handle.net/20.500.11840/termmaster10075993,Inheems Amerikaans,['Native American'],"['AAT-Ned ; v16: AAT-ID, BE en SN toegevoegd ; v17: def.val. ; v19: SN bijgewerkt', 'WtM: In de laatste paar decennia is de term ‘inheems’ een juridische categorie geworden die verwijst naar bevolkingsgroepen, die de oorspronkelijke bewoners zijn van de gekoloniseerde gebieden zijn en daar lange tradities hebben ontwikkeld. De term ‘inheems’ is een geëmancipeerde term, deels dankzij de Verklaring over de Rechten van Inheemse Volkeren door de VN in 2007. \nSuggestie: Het is beter om termen te hanteren die mensen zelf gebruiken en die zij respectvol vinden.']",http://vocab.getty.edu/aat/300017437,Cultuur,prefLabel
inheems,inheems,https://hdl.handle.net/20.500.11840/termmaster10076208,Western Subarctic,"['Westelijke Subarctische Inheems Amerikaanse stijlen', 'Western Subarctic Native American styles']","[""AAT-Ned ; v16: AAT-ID en AT's  toegevoegd. ; v17: def.val. ; v19: SN bijgewerkt"", 'WtM: In de laatste paar decennia is de term ‘inheems’ een juridische categorie geworden die verwijst naar bevolkingsgroepen, die de oorspronkelijke bewoners zijn van de gekoloniseerde gebieden zijn en daar lange tradities hebben ontwikkeld. De term ‘inheems’ is een geëmancipeerde term, deels dankzij de Verklaring over de Rechten van Inheemse Volkeren door de VN in 2007. \nSuggestie: Het is beter om termen te hanteren die mensen zelf gebruiken en die zij respectvol vinden.']",http://vocab.getty.edu/aat/300017471,Cultuur,altLabel
inheems,inheems,https://hdl.handle.net/20.500.11840/termmaster10076125,Inheems Surinaams,['Native Surinamese'],"[""term toegevoegd (2008-12) ; oorspronkelijk stonden alleen twee onderschikkende termen (Benedenlandse Surinaamse indianen en Bovenlandse Surinaamse indianen) in de thesaurus maar soms weet de regio niet precies ; v17: def.val. ; v19: DESC gewijzigd, was 'Surinaamse indianen'""]",None,Cultuur,prefLabel
inheems,inheems,https://hdl.handle.net/20.500.11840/termmaster10076205,Eastern Subarctic,"['oostelijk subarctische inheems Amerikaanse stijlen', 'Eastern Subarctic Native American styles']","[""AAT-Ned ; v16: AAT-ID en AT's  toegevoegd. ; v17: def.val. ; v19: SN bijgewerkt"", 'WtM: In de laatste paar decennia is de term ‘inheems’ een juridische categorie geworden die verwijst naar bevolkingsgroepen, die de oorspronkelijke bewoners zijn van de gekoloniseerde gebieden zijn en daar lange tradities hebben ontwikkeld. De term ‘inheems’ is een geëmancipeerde term, deels dankzij de Verklaring over de Rechten van Inheemse Volkeren door de VN in 2007. \nSuggestie: Het is beter om termen te hanteren die mensen zelf gebruiken en die zij respectvol vinden.']",http://vocab.getty.edu/aat/300017461,Cultuur,altLabel
inheems,inheems,https://hdl.handle.net/20.500.11840/termmaster10076270,Southwest,"['Southwestern Native American styles', 'Zuidwestelijke inheems Amerikaanse stijlen']","[""AAT-Ned ; v16: AAT-ID en AT's  toegevoegd. ; v17: def.val. ; v19: SN bijgewerkt"", 'WtM: In de laatste paar decennia is de term ‘inheems’ een juridische categorie geworden die verwijst naar bevolkingsgroepen, die de oorspronkelijke bewoners zijn van de gekoloniseerde gebieden zijn en daar lange tradities hebben ontwikkeld. De term ‘inheems’ is een geëmancipeerde term, deels dankzij de Verklaring over de Rechten van Inheemse Volkeren door de VN in 2007. \nSuggestie: Het is beter om termen te hanteren die mensen zelf gebruiken en die zij respectvol vinden.']",http://vocab.getty.edu/aat/300017723,Cultuur,altLabel
inheems,inheems,https://hdl.handle.net/20.500.11840/termmaster10075994,Inheems Midden-Amerikaans,"['Native Middle American styles', 'Inheemse Midden-Amerikaanse stijlen', 'Native Middle American']","['AAT-Ned ; v16: AAT-ID en BE toegevoegd ; v17: def.val. ; v19: SN bijgewerkt', 'WtM: In de laatste paar decennia is de term ‘inheems’ een juridische categorie geworden die verwijst naar bevolkingsgroepen, die de oorspronkelijke bewoners zijn van de gekoloniseerde gebieden zijn en daar lange tradities hebben ontwikkeld. De term ‘inheems’ is een geëmancipeerde term, deels dankzij de Verklaring over de Rechten van Inheemse Volkeren door de VN in 2007. \nSuggestie: Het is beter om termen te hanteren die mensen zelf gebruiken en die zij respectvol vinden.']",http://vocab.getty.edu/aat/300017769,Cultuur,prefLabel
inheems,inheemse,https://hdl.handle.net/20.500.11840/termmaster10076067,Inheemse Andes-volkeren,['Native Andean groups'],"['AAT-Ned ; v16: AAT-ID en BE  toegevoegd. ; v17: def.val. ; v19: SN bijgewerkt', 'WtM: In de laatste paar decennia is de term ‘inheems’ een juridische categorie geworden die verwijst naar bevolkingsgroepen, die de oorspronkelijke bewoners zijn van de gekoloniseerde gebieden zijn en daar lange tradities hebben ontwikkeld. De term ‘inheems’ is een geëmancipeerde term, deels dankzij de Verklaring over de Rechten van Inheemse Volkeren door de VN in 2007. \nSuggestie: Het is beter om termen te hanteren die mensen zelf gebruiken en die zij respectvol vinden.']",http://vocab.getty.edu/aat/300017918,Cultuur,prefLabel
inheems,inheemse,https://hdl.handle.net/20.500.11840/termmaster10076103,Inheemse Pampa- en Fuegovolkeren,"['Native Pampean and Fuegian groups', 'Native Pampean and Fuegian styles', 'inheemse Pampa- en Fuego-stijlen']","['AAT-Ned ; v16: AAT-ID en BE  toegevoegd. ; v17: def.val. ; v19: SN bijgewerkt', 'WtM: In de laatste paar decennia is de term ‘inheems’ een juridische categorie geworden die verwijst naar bevolkingsgroepen, die de oorspronkelijke bewoners zijn van de gekoloniseerde gebieden zijn en daar lange tradities hebben ontwikkeld. De term ‘inheems’ is een geëmancipeerde term, deels dankzij de Verklaring over de Rechten van Inheemse Volkeren door de VN in 2007. \nSuggestie: Het is beter om termen te hanteren die mensen zelf gebruiken en die zij respectvol vinden.']",http://vocab.getty.edu/aat/300018018,Cultuur,prefLabel
inheems,inheemse,https://hdl.handle.net/20.500.11840/termmaster10076103,Inheemse Pampa- en Fuegovolkeren,"['Native Pampean and Fuegian groups', 'Native Pampean and Fuegian styles', 'inheemse Pampa- en Fuego-stijlen']","['AAT-Ned ; v16: AAT-ID en BE  toegevoegd. ; v17: def.val. ; v19: SN bijgewerkt', 'WtM: In de laatste paar decennia is de term ‘inheems’ een juridische categorie geworden die verwijst naar bevolkingsgroepen, die de oorspronkelijke bewoners zijn van de gekoloniseerde gebieden zijn en daar lange tradities hebben ontwikkeld. De term ‘inheems’ is een geëmancipeerde term, deels dankzij de Verklaring over de Rechten van Inheemse Volkeren door de VN in 2007. \nSuggestie: Het is beter om termen te hanteren die mensen zelf gebruiken en die zij respectvol vinden.']",http://vocab.getty.edu/aat/300018018,Cultuur,altLabel
inheems,inheemse,https://hdl.handle.net/20.500.11840/termmaster10076061,Inheems Yucatán,"['Inheemse Yucatán stijlen', 'Native Yucatan', 'Native Yucatan styles']","['AAT-Ned ; v16: AAT-ID en BE toegevoegd ; v17: def.val. ; v19: SN bijgewerkt', 'WtM: In de laatste paar decennia is de term ‘inheems’ een juridische categorie geworden die verwijst naar bevolkingsgroepen, die de oorspronkelijke bewoners zijn van de gekoloniseerde gebieden zijn en daar lange tradities hebben ontwikkeld. De term ‘inheems’ is een geëmancipeerde term, deels dankzij de Verklaring over de Rechten van Inheemse Volkeren door de VN in 2007. \nSuggestie: Het is beter om termen te hanteren die mensen zelf gebruiken en die zij respectvol vinden.']",http://vocab.getty.edu/aat/300017820,Cultuur,altLabel
inheems,inheemse,https://hdl.handle.net/20.500.11840/termmaster10076108,Inheems Amazonia,"['Native Amazonian styles', 'Native Amazonian', 'inheemse Amazone-stijlen']","[""AAT-Ned ; v16: AAT-ID en AT's  toegevoegd. ; v17: def.val. ; v19: SN bijgewerkt"", 'WtM: In de laatste paar decennia is de term ‘inheems’ een juridische categorie geworden die verwijst naar bevolkingsgroepen, die de oorspronkelijke bewoners zijn van de gekoloniseerde gebieden zijn en daar lange tradities hebben ontwikkeld. De term ‘inheems’ is een geëmancipeerde term, deels dankzij de Verklaring over de Rechten van Inheemse Volkeren door de VN in 2007. \nSuggestie: Het is beter om termen te hanteren die mensen zelf gebruiken en die zij respectvol vinden.']",http://vocab.getty.edu/aat/300017881,Cultuur,altLabel
inheems,inheemse,https://hdl.handle.net/20.500.11840/termmaster10076091,Inheemse Oost-Braziliaanse volkeren,"['Native Eastern Brazillian groups', 'inheemse Oost-Braziliaanse stijlen', 'Native Eastern Brazillian styles']","['AAT-Ned ; v16: AAT-ID en BE  toegevoegd. ; v17: def.val. ; v19: SN bijgewerkt', 'WtM: In de laatste paar decennia is de term ‘inheems’ een juridische categorie geworden die verwijst naar bevolkingsgroepen, die de oorspronkelijke bewoners zijn van de gekoloniseerde gebieden zijn en daar lange tradities hebben ontwikkeld. De term ‘inheems’ is een geëmancipeerde term, deels dankzij de Verklaring over de Rechten van Inheemse Volkeren door de VN in 2007. \nSuggestie: Het is beter om termen te hanteren die mensen zelf gebruiken en die zij respectvol vinden.']",http://vocab.getty.edu/aat/300018001,Cultuur,prefLabel
inheems,inheemse,https://hdl.handle.net/20.500.11840/termmaster10076091,Inheemse Oost-Braziliaanse volkeren,"['Native Eastern Brazillian groups', 'inheemse Oost-Braziliaanse stijlen', 'Native Eastern Brazillian styles']","['AAT-Ned ; v16: AAT-ID en BE  toegevoegd. ; v17: def.val. ; v19: SN bijgewerkt', 'WtM: In de laatste paar decennia is de term ‘inheems’ een juridische categorie geworden die verwijst naar bevolkingsgroepen, die de oorspronkelijke bewoners zijn van de gekoloniseerde gebieden zijn en daar lange tradities hebben ontwikkeld. De term ‘inheems’ is een geëmancipeerde term, deels dankzij de Verklaring over de Rechten van Inheemse Volkeren door de VN in 2007. \nSuggestie: Het is beter om termen te hanteren die mensen zelf gebruiken en die zij respectvol vinden.']",http://vocab.getty.edu/aat/300018001,Cultuur,altLabel
inheems,inheemse,https://hdl.handle.net/20.500.11840/termmaster10076005,Inheems Noordwest-Mexicaans,"['Inheemse Noord-West Mexico-stijlen', 'Native Northwestern Mexican styles', 'Native Northwestern Mexican']","['AAT-Ned ; v16: AAT-ID en BE toegevoegd ; v17: def.val. ; v19: SN bijgewerkt', 'WtM: In de laatste paar decennia is de term ‘inheems’ een juridische categorie geworden die verwijst naar bevolkingsgroepen, die de oorspronkelijke bewoners zijn van de gekoloniseerde gebieden zijn en daar lange tradities hebben ontwikkeld. De term ‘inheems’ is een geëmancipeerde term, deels dankzij de Verklaring over de Rechten van Inheemse Volkeren door de VN in 2007. \nSuggestie: Het is beter om termen te hanteren die mensen zelf gebruiken en die zij respectvol vinden.']",http://vocab.getty.edu/aat/300017772,Cultuur,altLabel
inheems,inheemse,https://hdl.handle.net/20.500.11840/termmaster10076068,Inheemse volkeren van het Centrale Andes-gebied,"['Native Central Andean styles', 'Native Central Andean groups', 'inheemse Midden-Andes stijlen']","['AAT-Ned ; v16: AAT-ID en BE  toegevoegd. ; v17: def.val. ; v19: SN bijgewerkt', 'WtM: In de laatste paar decennia is de term ‘inheems’ een juridische categorie geworden die verwijst naar bevolkingsgroepen, die de oorspronkelijke bewoners zijn van de gekoloniseerde gebieden zijn en daar lange tradities hebben ontwikkeld. De term ‘inheems’ is een geëmancipeerde term, deels dankzij de Verklaring over de Rechten van Inheemse Volkeren door de VN in 2007. \nSuggestie: Het is beter om termen te hanteren die mensen zelf gebruiken en die zij respectvol vinden.']",http://vocab.getty.edu/aat/300017919,Cultuur,prefLabel
inheems,inheemse,https://hdl.handle.net/20.500.11840/termmaster10076068,Inheemse volkeren van het Centrale Andes-gebied,"['Native Central Andean styles', 'Native Central Andean groups', 'inheemse Midden-Andes stijlen']","['AAT-Ned ; v16: AAT-ID en BE  toegevoegd. ; v17: def.val. ; v19: SN bijgewerkt', 'WtM: In de laatste paar decennia is de term ‘inheems’ een juridische categorie geworden die verwijst naar bevolkingsgroepen, die de oorspronkelijke bewoners zijn van de gekoloniseerde gebieden zijn en daar lange tradities hebben ontwikkeld. De term ‘inheems’ is een geëmancipeerde term, deels dankzij de Verklaring over de Rechten van Inheemse Volkeren door de VN in 2007. \nSuggestie: Het is beter om termen te hanteren die mensen zelf gebruiken en die zij respectvol vinden.']",http://vocab.getty.edu/aat/300017919,Cultuur,altLabel
inheems,inheemse,https://hdl.handle.net/20.500.11840/termmaster10076130,Inheemse Surinaamse volkeren (bovenland),['Highland native Surinamese'],"[""Sranan ; locatie gewijzigd (2008-12) : oorspronkelijk stonden de onderschikkende termen Benedenlandse Surinaamse indianen en Bovenlandse Surinaamse indianen onder BT Guyanas maar soms weet je de regio niet precies ; v17: def.val. v19: DESC gewijzigd, was 'Bovenlandse Surinaamse indianen'"", ' ; Sranan ;']",None,Cultuur,prefLabel
inheems,inheemse,https://hdl.handle.net/20.500.11840/termmaster10075995,Inheems Centraal-Mexicaans,"['inheemse Centraal-Mexicaanse stijlen', 'Native Central Mexican', 'Native Central Mexican styles']","['AAT-Ned ; v16: AAT-ID en BE toegevoegd ; v17: def.val. ; v19: SN bijgewerkt', 'WtM: In de laatste paar decennia is de term ‘inheems’ een juridische categorie geworden die verwijst naar bevolkingsgroepen, die de oorspronkelijke bewoners zijn van de gekoloniseerde gebieden zijn en daar lange tradities hebben ontwikkeld. De term ‘inheems’ is een geëmancipeerde term, deels dankzij de Verklaring over de Rechten van Inheemse Volkeren door de VN in 2007. \nSuggestie: Het is beter om termen te hanteren die mensen zelf gebruiken en die zij respectvol vinden.']",http://vocab.getty.edu/aat/300017784,Cultuur,altLabel
inheems,inheemse,https://hdl.handle.net/20.500.11840/termmaster10076035,Inheemse volkeren van het Hoogland van Mexico en Guatemala,"['Inheemse stijlen van het Hoogland van Mexico en Guatemala', 'Native Highland Mexican and Guatemalan', 'Native Highland Mexican and Guatemalan styles']","['WtM: In de laatste paar decennia is de term ‘inheems’ een juridische categorie geworden die verwijst naar bevolkingsgroepen, die de oorspronkelijke bewoners zijn van de gekoloniseerde gebieden zijn en daar lange tradities hebben ontwikkeld. De term ‘inheems’ is een geëmancipeerde term, deels dankzij de Verklaring over de Rechten van Inheemse Volkeren door de VN in 2007. \nSuggestie: Het is beter om termen te hanteren die mensen zelf gebruiken en die zij respectvol vinden.', ""AAT-Ned ; AAT-Ned: DESC='Inheemse stijlen van het Hoogland van Mexico en Guatemala'  ; v16: AAT-ID en BE toegevoegd. ; v17: def.val. ; v19: SN bijgewerkt; DESC gewijzigd, was 'Inheemse culturen van het Hoogland van Mexico en Guatemala'""]",http://vocab.getty.edu/aat/300017825,Cultuur,prefLabel
inheems,inheemse,https://hdl.handle.net/20.500.11840/termmaster10076035,Inheemse volkeren van het Hoogland van Mexico en Guatemala,"['Inheemse stijlen van het Hoogland van Mexico en Guatemala', 'Native Highland Mexican and Guatemalan', 'Native Highland Mexican and Guatemalan styles']","['WtM: In de laatste paar decennia is de term ‘inheems’ een juridische categorie geworden die verwijst naar bevolkingsgroepen, die de oorspronkelijke bewoners zijn van de gekoloniseerde gebieden zijn en daar lange tradities hebben ontwikkeld. De term ‘inheems’ is een geëmancipeerde term, deels dankzij de Verklaring over de Rechten van Inheemse Volkeren door de VN in 2007. \nSuggestie: Het is beter om termen te hanteren die mensen zelf gebruiken en die zij respectvol vinden.', ""AAT-Ned ; AAT-Ned: DESC='Inheemse stijlen van het Hoogland van Mexico en Guatemala'  ; v16: AAT-ID en BE toegevoegd. ; v17: def.val. ; v19: SN bijgewerkt; DESC gewijzigd, was 'Inheemse culturen van het Hoogland van Mexico en Guatemala'""]",http://vocab.getty.edu/aat/300017825,Cultuur,altLabel
inheems,inheemse,https://hdl.handle.net/20.500.11840/termmaster10076015,Inheems West-Mexicaans,"['Native Western Mexican styles', 'inheemse West-Mexicaanse stijlen', 'Native Western Mexican']","['AAT-Ned ; v16: AAT-ID en BE toegevoegd ; v17: def.val. ; v19: SN bijgewerkt', 'WtM: In de laatste paar decennia is de term ‘inheems’ een juridische categorie geworden die verwijst naar bevolkingsgroepen, die de oorspronkelijke bewoners zijn van de gekoloniseerde gebieden zijn en daar lange tradities hebben ontwikkeld. De term ‘inheems’ is een geëmancipeerde term, deels dankzij de Verklaring over de Rechten van Inheemse Volkeren door de VN in 2007. \nSuggestie: Het is beter om termen te hanteren die mensen zelf gebruiken en die zij respectvol vinden.']",http://vocab.getty.edu/aat/300017782,Cultuur,altLabel
inheems,inheemse,https://hdl.handle.net/20.500.11840/termmaster10076017,Inheems Zuid-Mexicaans,"['Native Southern Mexican styles', 'inheemse Zuid-Mexicaanse stijlen', 'Native Southern Mexican']","['AAT-Ned ; v16: AAT-ID en BE toegevoegd ; v17: def.val. ; v19: SN bijgewerkt', 'WtM: In de laatste paar decennia is de term ‘inheems’ een juridische categorie geworden die verwijst naar bevolkingsgroepen, die de oorspronkelijke bewoners zijn van de gekoloniseerde gebieden zijn en daar lange tradities hebben ontwikkeld. De term ‘inheems’ is een geëmancipeerde term, deels dankzij de Verklaring over de Rechten van Inheemse Volkeren door de VN in 2007. \nSuggestie: Het is beter om termen te hanteren die mensen zelf gebruiken en die zij respectvol vinden.']",http://vocab.getty.edu/aat/300017798,Cultuur,altLabel
inheems,inheemse,https://hdl.handle.net/20.500.11840/termmaster10075952,Kalaallit,"['Katlâdit', 'Inheemse volken en culturen van Groenland', 'Katladlit', 'Greenlandic Native peoples and cultures']","[""HNAI 5 & AAT-Ned ; AAT-Ned: BT='inheemse stijlen Groenland' en DESC='Katlâdit' ; v16: AAT-ID toegevoegd. ; v19: SN bijgewerkt"", 'WtM: In de laatste paar decennia is de term ‘inheems’ een juridische categorie geworden die verwijst naar bevolkingsgroepen, die de oorspronkelijke bewoners zijn van de gekoloniseerde gebieden zijn en daar lange tradities hebben ontwikkeld. De term ‘inheems’ is een geëmancipeerde term, deels dankzij de Verklaring over de Rechten van Inheemse Volkeren door de VN in 2007. \nSuggestie: Het is beter om termen te hanteren die mensen zelf gebruiken en die zij respectvol vinden.']",http://vocab.getty.edu/aat/300102585,Cultuur,altLabel
inheems,inheemse,https://hdl.handle.net/20.500.11840/termmaster10076203,Inheems Noord-Amerikaans,"['Inheemse Noord-Amerikaanse stijlen', 'Native North American styles', 'Native North American']","[""AAT-Ned ; v16: AAT-ID en AT's  toegevoegd. ; v17: def.val. ; v19: SN bijgewerkt"", 'WtM: In de laatste paar decennia is de term ‘inheems’ een juridische categorie geworden die verwijst naar bevolkingsgroepen, die de oorspronkelijke bewoners zijn van de gekoloniseerde gebieden zijn en daar lange tradities hebben ontwikkeld. De term ‘inheems’ is een geëmancipeerde term, deels dankzij de Verklaring over de Rechten van Inheemse Volkeren door de VN in 2007. \nSuggestie: Het is beter om termen te hanteren die mensen zelf gebruiken en die zij respectvol vinden.']",http://vocab.getty.edu/aat/300017442,Cultuur,altLabel
inheems,inheemse,https://hdl.handle.net/20.500.11840/termmaster10076072,Inheemse zuidelijke Andes-volkeren,"['Native South Andean styles', 'Native South Andean groups']","['AAT-Ned ; v16: AAT-ID en BE  toegevoegd. ; v17: def.val. ; v19: SN bijgewerkt', 'WtM: In de laatste paar decennia is de term ‘inheems’ een juridische categorie geworden die verwijst naar bevolkingsgroepen, die de oorspronkelijke bewoners zijn van de gekoloniseerde gebieden zijn en daar lange tradities hebben ontwikkeld. De term ‘inheems’ is een geëmancipeerde term, deels dankzij de Verklaring over de Rechten van Inheemse Volkeren door de VN in 2007. \nSuggestie: Het is beter om termen te hanteren die mensen zelf gebruiken en die zij respectvol vinden.']",http://vocab.getty.edu/aat/300017933,Cultuur,prefLabel
inheems,inheemse,https://hdl.handle.net/20.500.11840/termmaster10077402,Inheemse volkeren op Taiwan,['Indigenous groups of Taiwan'],"[""Lebar 2 ; v16: BE toegevoegd ; v19: SN bijgewerkt  ; DESC gewijzigd van 'groepen' naar 'volkeren' zoals in het VN verdrag van de rechten van de 'Inheemse Volkeren'."", 'WtM: In de laatste paar decennia is de term ‘inheems’ een juridische categorie geworden die verwijst naar bevolkingsgroepen, die de oorspronkelijke bewoners zijn van de gekoloniseerde gebieden zijn en daar lange tradities hebben ontwikkeld. De term ‘inheems’ is een geëmancipeerde term, deels dankzij de Verklaring over de Rechten van Inheemse Volkeren door de VN in 2007. \nSuggestie: Het is beter om termen te hanteren die mensen zelf gebruiken en die zij respectvol vinden.']",None,Cultuur,prefLabel
inheems,inheemse,https://hdl.handle.net/20.500.11840/termmaster10076056,Inheemse Meso-Amerikaans,"['Native Central American', 'inheemse Meso-Amerikaanse stijlen', 'Native Central American styles']","[""AAT-Ned ; v16: DESC gewijzigd, was 'Inheemse Midden-Amerikaanse stijlen', AAT-ID en BE toegevoegd ; v17: def.val. ; v19: SN bijgewerkt"", 'WtM: In de laatste paar decennia is de term ‘inheems’ een juridische categorie geworden die verwijst naar bevolkingsgroepen, die de oorspronkelijke bewoners zijn van de gekoloniseerde gebieden zijn en daar lange tradities hebben ontwikkeld. De term ‘inheems’ is een geëmancipeerde term, deels dankzij de Verklaring over de Rechten van Inheemse Volkeren door de VN in 2007. \nSuggestie: Het is beter om termen te hanteren die mensen zelf gebruiken en die zij respectvol vinden.']",http://vocab.getty.edu/aat/300017859,Cultuur,prefLabel
inheems,inheemse,https://hdl.handle.net/20.500.11840/termmaster10076056,Inheemse Meso-Amerikaans,"['Native Central American', 'inheemse Meso-Amerikaanse stijlen', 'Native Central American styles']","[""AAT-Ned ; v16: DESC gewijzigd, was 'Inheemse Midden-Amerikaanse stijlen', AAT-ID en BE toegevoegd ; v17: def.val. ; v19: SN bijgewerkt"", 'WtM: In de laatste paar decennia is de term ‘inheems’ een juridische categorie geworden die verwijst naar bevolkingsgroepen, die de oorspronkelijke bewoners zijn van de gekoloniseerde gebieden zijn en daar lange tradities hebben ontwikkeld. De term ‘inheems’ is een geëmancipeerde term, deels dankzij de Verklaring over de Rechten van Inheemse Volkeren door de VN in 2007. \nSuggestie: Het is beter om termen te hanteren die mensen zelf gebruiken en die zij respectvol vinden.']",http://vocab.getty.edu/aat/300017859,Cultuur,altLabel
inheems,inheemse,https://hdl.handle.net/20.500.11840/termmaster10075937,Inheemse volken en culturen van Alaska,"['inheemse Alaskaanse stijlen', 'Alaskan Native peoples and cultures']","[""AAT-Ned ; v16: AAT-ID en AT's  toegevoegd. ; v19: SN bijgewerkt"", 'WtM: In de laatste paar decennia is de term ‘inheems’ een juridische categorie geworden die verwijst naar bevolkingsgroepen, die de oorspronkelijke bewoners zijn van de gekoloniseerde gebieden zijn en daar lange tradities hebben ontwikkeld. De term ‘inheems’ is een geëmancipeerde term, deels dankzij de Verklaring over de Rechten van Inheemse Volkeren door de VN in 2007. \nSuggestie: Het is beter om termen te hanteren die mensen zelf gebruiken en die zij respectvol vinden.']",http://vocab.getty.edu/aat/300102451,Cultuur,prefLabel
inheems,inheemse,https://hdl.handle.net/20.500.11840/termmaster10075937,Inheemse volken en culturen van Alaska,"['inheemse Alaskaanse stijlen', 'Alaskan Native peoples and cultures']","[""AAT-Ned ; v16: AAT-ID en AT's  toegevoegd. ; v19: SN bijgewerkt"", 'WtM: In de laatste paar decennia is de term ‘inheems’ een juridische categorie geworden die verwijst naar bevolkingsgroepen, die de oorspronkelijke bewoners zijn van de gekoloniseerde gebieden zijn en daar lange tradities hebben ontwikkeld. De term ‘inheems’ is een geëmancipeerde term, deels dankzij de Verklaring over de Rechten van Inheemse Volkeren door de VN in 2007. \nSuggestie: Het is beter om termen te hanteren die mensen zelf gebruiken en die zij respectvol vinden.']",http://vocab.getty.edu/aat/300102451,Cultuur,altLabel
inheems,inheemse,https://hdl.handle.net/20.500.11840/termmaster10076077,Inheemse Chaco-volkeren,"['inheemse Chaco-stijlen', 'Native Chaco groups', 'Native Chaco styles']","['AAT-Ned ; v16: AAT-ID en BE  toegevoegd. ; v17: def.val. ; v19: SN bijgewerkt', 'WtM: In de laatste paar decennia is de term ‘inheems’ een juridische categorie geworden die verwijst naar bevolkingsgroepen, die de oorspronkelijke bewoners zijn van de gekoloniseerde gebieden zijn en daar lange tradities hebben ontwikkeld. De term ‘inheems’ is een geëmancipeerde term, deels dankzij de Verklaring over de Rechten van Inheemse Volkeren door de VN in 2007. \nSuggestie: Het is beter om termen te hanteren die mensen zelf gebruiken en die zij respectvol vinden.']",http://vocab.getty.edu/aat/300017961,Cultuur,prefLabel
inheems,inheemse,https://hdl.handle.net/20.500.11840/termmaster10076077,Inheemse Chaco-volkeren,"['inheemse Chaco-stijlen', 'Native Chaco groups', 'Native Chaco styles']","['AAT-Ned ; v16: AAT-ID en BE  toegevoegd. ; v17: def.val. ; v19: SN bijgewerkt', 'WtM: In de laatste paar decennia is de term ‘inheems’ een juridische categorie geworden die verwijst naar bevolkingsgroepen, die de oorspronkelijke bewoners zijn van de gekoloniseerde gebieden zijn en daar lange tradities hebben ontwikkeld. De term ‘inheems’ is een geëmancipeerde term, deels dankzij de Verklaring over de Rechten van Inheemse Volkeren door de VN in 2007. \nSuggestie: Het is beter om termen te hanteren die mensen zelf gebruiken en die zij respectvol vinden.']",http://vocab.getty.edu/aat/300017961,Cultuur,altLabel
inheems,inheemse,https://hdl.handle.net/20.500.11840/termmaster10076126,Inheemse Surinaamse volkeren (benedenland),['Lowland native Surinamese'],"[' ; Sranan ;', ""Sranan ; locatie gewijzigd (2008-12) : oorspronkelijk stonden de onderschikkende termen Benedenlandse Surinaamse indianen en Bovenlandse Surinaamse indianen onder BT Guyanas maar soms weet je de regio niet precies ; v17: def.val. ; v19: DESC gewijzigd, was 'Benedenlandse Surinaamse indianen'""]",None,Cultuur,prefLabel
inheems,inheemse,https://hdl.handle.net/20.500.11840/termmaster10076063,Inheems Zuid-Amerikaans,"['Native South American', 'inheemse Zuid-Amerikaanse stijlen', 'Native South American styles']","['WtM: In de laatste paar decennia is de term ‘inheems’ een juridische categorie geworden die verwijst naar bevolkingsgroepen, die de oorspronkelijke bewoners zijn van de gekoloniseerde gebieden zijn en daar lange tradities hebben ontwikkeld. De term ‘inheems’ is een geëmancipeerde term, deels dankzij de Verklaring over de Rechten van Inheemse Volkeren door de VN in 2007. \nSuggestie: Het is beter om termen te hanteren die mensen zelf gebruiken en die zij respectvol vinden.', 'AAT-Ned ; v16: AAT-ID, SN en BE toegevoegd. ; v17: def.val. ; v19: SN bijgewerkt']",http://vocab.getty.edu/aat/300017879,Cultuur,altLabel
inheems,inheemse,https://hdl.handle.net/20.500.11840/termmaster10075933,Inheemse Circumpolaire Noord-Europese volken en culturen,"['Indigenous circumpolar North european peoples and cultures', 'Indigenous arctic North European peoples and cultures', 'Inheemse arctische Noord-Europese volken en culturen']","['WtM: In de laatste paar decennia is de term ‘inheems’ een juridische categorie geworden die verwijst naar bevolkingsgroepen, die de oorspronkelijke bewoners zijn van de gekoloniseerde gebieden zijn en daar lange tradities hebben ontwikkeld. De term ‘inheems’ is een geëmancipeerde term, deels dankzij de Verklaring over de Rechten van Inheemse Volkeren door de VN in 2007. \nSuggestie: Het is beter om termen te hanteren die mensen zelf gebruiken en die zij respectvol vinden.', 'svcn-structuur ; v16: BE toegevoegd ; ; v19: SN bijgewerkt']",None,Cultuur,prefLabel
inheems,inheemse,https://hdl.handle.net/20.500.11840/termmaster10075933,Inheemse Circumpolaire Noord-Europese volken en culturen,"['Indigenous circumpolar North european peoples and cultures', 'Indigenous arctic North European peoples and cultures', 'Inheemse arctische Noord-Europese volken en culturen']","['WtM: In de laatste paar decennia is de term ‘inheems’ een juridische categorie geworden die verwijst naar bevolkingsgroepen, die de oorspronkelijke bewoners zijn van de gekoloniseerde gebieden zijn en daar lange tradities hebben ontwikkeld. De term ‘inheems’ is een geëmancipeerde term, deels dankzij de Verklaring over de Rechten van Inheemse Volkeren door de VN in 2007. \nSuggestie: Het is beter om termen te hanteren die mensen zelf gebruiken en die zij respectvol vinden.', 'svcn-structuur ; v16: BE toegevoegd ; ; v19: SN bijgewerkt']",None,Cultuur,altLabel
inheems,inheemse,https://hdl.handle.net/20.500.11840/termmaster10076064,Inheemse volkeren van de Caraïbische kust van Zuid-Amerika,"['Native South American Caribbean Coast groups', 'Native South American Caribbean Coast styles', 'inheemse Zuid Amerikaanse Caraïbische kuststijlen']","['AAT-Ned ; v16: AAT-ID en BE  toegevoegd. ; v17: def.val. ; ; v19: SN bijgewerkt', 'WtM: In de laatste paar decennia is de term ‘inheems’ een juridische categorie geworden die verwijst naar bevolkingsgroepen, die de oorspronkelijke bewoners zijn van de gekoloniseerde gebieden zijn en daar lange tradities hebben ontwikkeld. De term ‘inheems’ is een geëmancipeerde term, deels dankzij de Verklaring over de Rechten van Inheemse Volkeren door de VN in 2007. \nSuggestie: Het is beter om termen te hanteren die mensen zelf gebruiken en die zij respectvol vinden.']",http://vocab.getty.edu/aat/300017951,Cultuur,prefLabel
inheems,inheemse,https://hdl.handle.net/20.500.11840/termmaster10076064,Inheemse volkeren van de Caraïbische kust van Zuid-Amerika,"['Native South American Caribbean Coast groups', 'Native South American Caribbean Coast styles', 'inheemse Zuid Amerikaanse Caraïbische kuststijlen']","['AAT-Ned ; v16: AAT-ID en BE  toegevoegd. ; v17: def.val. ; ; v19: SN bijgewerkt', 'WtM: In de laatste paar decennia is de term ‘inheems’ een juridische categorie geworden die verwijst naar bevolkingsgroepen, die de oorspronkelijke bewoners zijn van de gekoloniseerde gebieden zijn en daar lange tradities hebben ontwikkeld. De term ‘inheems’ is een geëmancipeerde term, deels dankzij de Verklaring over de Rechten van Inheemse Volkeren door de VN in 2007. \nSuggestie: Het is beter om termen te hanteren die mensen zelf gebruiken en die zij respectvol vinden.']",http://vocab.getty.edu/aat/300017951,Cultuur,altLabel
inheems,inheemse,https://hdl.handle.net/20.500.11840/termmaster10075961,Circumpolaire Siberische volken,"['Circumpolar Siberian peoples', 'Siberisch-Arctische Inheemse volken', 'Siberian Arctic Native cultures']","['WtM: In de laatste paar decennia is de term ‘inheems’ een juridische categorie geworden die verwijst naar bevolkingsgroepen, die de oorspronkelijke bewoners zijn van de gekoloniseerde gebieden zijn en daar lange tradities hebben ontwikkeld. De term ‘inheems’ is een geëmancipeerde term, deels dankzij de Verklaring over de Rechten van Inheemse Volkeren door de VN in 2007. \nSuggestie: Het is beter om termen te hanteren die mensen zelf gebruiken en die zij respectvol vinden.', 'AAT-Ned ; v16: AAT-ID, BE & AT’s toegevoegd ; v19: SN bijgewerkt']",http://vocab.getty.edu/aat/300116922,Cultuur,altLabel
inheems,inheemse,https://hdl.handle.net/20.500.11840/termmaster10076254,Plateau,"['Plateau Native American styles', 'Interior Plateau', 'inheemse Amerikaanse hoogland-stijlen']","['HNAI ; ; v17: def.val. ; v19: SN bijgewerkt', 'WtM: In de laatste paar decennia is de term ‘inheems’ een juridische categorie geworden die verwijst naar bevolkingsgroepen, die de oorspronkelijke bewoners zijn van de gekoloniseerde gebieden zijn en daar lange tradities hebben ontwikkeld. De term ‘inheems’ is een geëmancipeerde term, deels dankzij de Verklaring over de Rechten van Inheemse Volkeren door de VN in 2007. \nSuggestie: Het is beter om termen te hanteren die mensen zelf gebruiken en die zij respectvol vinden.']",http://vocab.getty.edu/aat/300017676,Cultuur,altLabel
inheems,inheemse,https://hdl.handle.net/20.500.11840/termmaster10076200,Inheemse volkeren van de Ecuadoriaanse en Colombiaanse kust,"['inheemse Ecuadoriaanse en Colombiaanse kuststijlen', 'Native Coastal Ecuadorian and Colombian styles', 'Native Coastal Ecuadorian and Colombian groups']","['AAT-Ned ; TM (2010) ; v01: tech.val. ; v07: def.val. ; v16: AAT-ID en BE  toegevoegd.\n ; v17: def.val. ; v19: SN bijgewerkt', 'WtM: In de laatste paar decennia is de term ‘inheems’ een juridische categorie geworden die verwijst naar bevolkingsgroepen, die de oorspronkelijke bewoners zijn van de gekoloniseerde gebieden zijn en daar lange tradities hebben ontwikkeld. De term ‘inheems’ is een geëmancipeerde term, deels dankzij de Verklaring over de Rechten van Inheemse Volkeren door de VN in 2007. \nSuggestie: Het is beter om termen te hanteren die mensen zelf gebruiken en die zij respectvol vinden.']",http://vocab.getty.edu/aat/300017980,Cultuur,prefLabel
inheems,inheemse,https://hdl.handle.net/20.500.11840/termmaster10076200,Inheemse volkeren van de Ecuadoriaanse en Colombiaanse kust,"['inheemse Ecuadoriaanse en Colombiaanse kuststijlen', 'Native Coastal Ecuadorian and Colombian styles', 'Native Coastal Ecuadorian and Colombian groups']","['AAT-Ned ; TM (2010) ; v01: tech.val. ; v07: def.val. ; v16: AAT-ID en BE  toegevoegd.\n ; v17: def.val. ; v19: SN bijgewerkt', 'WtM: In de laatste paar decennia is de term ‘inheems’ een juridische categorie geworden die verwijst naar bevolkingsgroepen, die de oorspronkelijke bewoners zijn van de gekoloniseerde gebieden zijn en daar lange tradities hebben ontwikkeld. De term ‘inheems’ is een geëmancipeerde term, deels dankzij de Verklaring over de Rechten van Inheemse Volkeren door de VN in 2007. \nSuggestie: Het is beter om termen te hanteren die mensen zelf gebruiken en die zij respectvol vinden.']",http://vocab.getty.edu/aat/300017980,Cultuur,altLabel
inheems,inheemse,https://hdl.handle.net/20.500.11840/termmaster10075936,Circumpolair Noord-Amerika: inheemse volken en culturen,"['Arctische Noord-Amerikaanse stijlen', 'Arctic Native American styles']","[""AAT-Ned ; in AAT-Ned: BT='Arctische Noord-Amerikaanse stijlen' ; v16: AAT-ID en AT's  toegevoegd. ; v19: SN bijgewerkt""]",http://vocab.getty.edu/aat/300017444,Cultuur,prefLabel
inheems,inheemse,https://hdl.handle.net/20.500.11840/termmaster10075994,Inheems Midden-Amerikaans,"['Native Middle American styles', 'Inheemse Midden-Amerikaanse stijlen', 'Native Middle American']","['AAT-Ned ; v16: AAT-ID en BE toegevoegd ; v17: def.val. ; v19: SN bijgewerkt', 'WtM: In de laatste paar decennia is de term ‘inheems’ een juridische categorie geworden die verwijst naar bevolkingsgroepen, die de oorspronkelijke bewoners zijn van de gekoloniseerde gebieden zijn en daar lange tradities hebben ontwikkeld. De term ‘inheems’ is een geëmancipeerde term, deels dankzij de Verklaring over de Rechten van Inheemse Volkeren door de VN in 2007. \nSuggestie: Het is beter om termen te hanteren die mensen zelf gebruiken en die zij respectvol vinden.']",http://vocab.getty.edu/aat/300017769,Cultuur,altLabel
